Year,App.,Taxon,Class,Order,Family,Genus,Importer,Exporter,Origin,Importer reported quantity,Exporter reported quantity,Term,Unit,Purpose,Source
1994,II,Saiga tatarica,Mammalia,Artiodactyla,Bovidae,Saiga,US,CN,,4,,horn products,,,W
1994,II,Saiga tatarica,Mammalia,Artiodactyla,Bovidae,Saiga,US,RU,,6,,trophies,,,U
1994,II,Saiga tatarica,Mammalia,Artiodactyla,Bovidae,Saiga,US,RU,,5,,trophies,,,W
1994,II,Saiga tatarica,Mammalia,Artiodactyla,Bovidae,Saiga,US,VN,CN,2,,horn products,,,W
1995,II,Saiga tatarica,Mammalia,Artiodactyla,Bovidae,Saiga,AT,RU,KZ,,1,trophies,,H,W
1995,II,Saiga tatarica,Mammalia,Artiodactyla,Bovidae,Saiga,CA,US,RU,,1,trophies,,T,U
1995,II,Saiga tatarica,Mammalia,Artiodactyla,Bovidae,Saiga,DK,RU,KZ,,6,trophies,,H,W
1995,II,Saiga tatarica,Mammalia,Artiodactyla,Bovidae,Saiga,FR,RU,KZ,,1,trophies,,H,W
1995,II,Saiga tatarica,Mammalia,Artiodactyla,Bovidae,Saiga,HK,CN,,,1100,derivatives,boxes,T,W
1995,II,Saiga tatarica,Mammalia,Artiodactyla,Bovidae,Saiga,HK,CN,,,12,derivatives,cartons,T,W
1995,II,Saiga tatarica,Mammalia,Artiodactyla,Bovidae,Saiga,HK,MY,XX,,948.4,horns,kg,T,U
1995,II,Saiga tatarica,Mammalia,Artiodactyla,Bovidae,Saiga,IT,RU,,,1,trophies,,P,W
1995,II,Saiga tatarica,Mammalia,Artiodactyla,Bovidae,Saiga,JP,CN,,,399,derivatives,cartons,T,W
1995,II,Saiga tatarica,Mammalia,Artiodactyla,Bovidae,Saiga,JP,CN,,116,,derivatives,,T,W
1995,II,Saiga tatarica,Mammalia,Artiodactyla,Bovidae,Saiga,JP,SG,XX,,100,horns,kg,T,O
1995,II,Saiga tatarica,Mammalia,Artiodactyla,Bovidae,Saiga,JP,SG,XX,1150,,horns,kg,T,W
1995,II,Saiga tatarica,Mammalia,Artiodactyla,Bovidae,Saiga,KR,JP,XX,,1000,horns,kg,T,W
1995,II,Saiga tatarica,Mammalia,Artiodactyla,Bovidae,Saiga,MO,CN,,,50,derivatives,cartons,T,W
1995,II,Saiga tatarica,Mammalia,Artiodactyla,Bovidae,Saiga,MY,SG,XX,,900.2,horns,kg,T,O
1995,II,Saiga tatarica,Mammalia,Artiodactyla,Bovidae,Saiga,MY,SG,XX,,40.6,horns,kg,T,W
1995,II,Saiga tatarica,Mammalia,Artiodactyla,Bovidae,Saiga,NZ,XX,,11,,derivatives,bags,,I
1995,II,Saiga tatarica,Mammalia,Artiodactyla,Bovidae,Saiga,RU,US,XX,,1,specimens,,,U
1995,II,Saiga tatarica,Mammalia,Artiodactyla,Bovidae,Saiga,SG,HK,RU,260,,horns,kg,T,O
1995,II,Saiga tatarica,Mammalia,Artiodactyla,Bovidae,Saiga,SG,HK,UA,100,,horns,kg,T,O
1995,II,Saiga tatarica,Mammalia,Artiodactyla,Bovidae,Saiga,SG,HK,XX,200,,horns,kg,T,U
1995,II,Saiga tatarica,Mammalia,Artiodactyla,Bovidae,Saiga,SG,HK,XX,3030,,horns,kg,T,W
1995,II,Saiga tatarica,Mammalia,Artiodactyla,Bovidae,Saiga,SG,RU,KZ,3500,4200,horns,kg,T,W
1995,II,Saiga tatarica,Mammalia,Artiodactyla,Bovidae,Saiga,US,CN,,66,,derivatives,,,W
1995,II,Saiga tatarica,Mammalia,Artiodactyla,Bovidae,Saiga,US,KR,XX,5000,,derivatives,,T,W
1995,II,Saiga tatarica,Mammalia,Artiodactyla,Bovidae,Saiga,US,RU,KZ,,15,trophies,,H,W
1995,II,Saiga tatarica,Mammalia,Artiodactyla,Bovidae,Saiga,US,RU,XX,3,,trophies,,,W
1995,II,Saiga tatarica,Mammalia,Artiodactyla,Bovidae,Saiga,US,RU,,,11,specimens,,S,W
1995,II,Saiga tatarica,Mammalia,Artiodactyla,Bovidae,Saiga,US,RU,,6,,trophies,,,W
1996,II,Saiga tatarica,Mammalia,Artiodactyla,Bovidae,Saiga,CA,HK,XX,,40,horns,kg,T,O
1996,II,Saiga tatarica,Mammalia,Artiodactyla,Bovidae,Saiga,CA,US,XX,,1,specimens,,S,O
1996,II,Saiga tatarica,Mammalia,Artiodactyla,Bovidae,Saiga,CH,MY,CN,,1,trophies,,P,W
1996,II,Saiga tatarica,Mammalia,Artiodactyla,Bovidae,Saiga,CN,HK,RU,1850,,horns,kg,T,W
1996,II,Saiga tatarica,Mammalia,Artiodactyla,Bovidae,Saiga,CN,HK,XX,,1,horns,kg,T,O
1996,II,Saiga tatarica,Mammalia,Artiodactyla,Bovidae,Saiga,DE,RU,,,2700,horns,kg,T,W
1996,II,Saiga tatarica,Mammalia,Artiodactyla,Bovidae,Saiga,DK,KZ,,7,,skins,,H,W
1996,II,Saiga tatarica,Mammalia,Artiodactyla,Bovidae,Saiga,DK,KZ,,7,,skulls,,H,W
1996,II,Saiga tatarica,Mammalia,Artiodactyla,Bovidae,Saiga,HK,CN,,,100,derivatives,boxes,T,W
1996,II,Saiga tatarica,Mammalia,Artiodactyla,Bovidae,Saiga,HK,CN,,,145,derivatives,cartons,T,W
1996,II,Saiga tatarica,Mammalia,Artiodactyla,Bovidae,Saiga,JP,CN,,,614,derivatives,cartons,T,W
1996,II,Saiga tatarica,Mammalia,Artiodactyla,Bovidae,Saiga,JP,CN,,2.5,3,derivatives,kg,T,W
1996,II,Saiga tatarica,Mammalia,Artiodactyla,Bovidae,Saiga,JP,HK,XX,1000,1695,horns,kg,T,O
1996,II,Saiga tatarica,Mammalia,Artiodactyla,Bovidae,Saiga,MO,CN,,,13,derivatives,cartons,T,W
1996,II,Saiga tatarica,Mammalia,Artiodactyla,Bovidae,Saiga,MX,RU,,,2,trophies,,H,W
1996,II,Saiga tatarica,Mammalia,Artiodactyla,Bovidae,Saiga,MY,CN,,,130,derivatives,cartons,T,W
1996,II,Saiga tatarica,Mammalia,Artiodactyla,Bovidae,Saiga,PL,RU,,,50,live,,T,W
1996,II,Saiga tatarica,Mammalia,Artiodactyla,Bovidae,Saiga,PL,RU,,50,,live,,,W
1996,II,Saiga tatarica,Mammalia,Artiodactyla,Bovidae,Saiga,SG,CN,,,200,derivatives,cartons,T,W
1996,II,Saiga tatarica,Mammalia,Artiodactyla,Bovidae,Saiga,SG,RU,KZ,,360,horns,kg,T,W
1996,II,Saiga tatarica,Mammalia,Artiodactyla,Bovidae,Saiga,TH,RU,,,2700,horns,kg,T,W
1996,II,Saiga tatarica,Mammalia,Artiodactyla,Bovidae,Saiga,US,CA,XX,20,,derivatives,,S,W
1996,II,Saiga tatarica,Mammalia,Artiodactyla,Bovidae,Saiga,US,CA,XX,1,,horn products,,,I
1996,II,Saiga tatarica,Mammalia,Artiodactyla,Bovidae,Saiga,US,CN,,24,,derivatives,,T,W
1996,II,Saiga tatarica,Mammalia,Artiodactyla,Bovidae,Saiga,US,CN,,110,,derivatives,,,I
1996,II,Saiga tatarica,Mammalia,Artiodactyla,Bovidae,Saiga,US,DE,,1,,live,,T,C
1996,II,Saiga tatarica,Mammalia,Artiodactyla,Bovidae,Saiga,US,DE,,,1,live,,Z,C
1996,II,Saiga tatarica,Mammalia,Artiodactyla,Bovidae,Saiga,US,KR,XX,24,,derivatives,,T,I
1996,II,Saiga tatarica,Mammalia,Artiodactyla,Bovidae,Saiga,US,KR,XX,1,,derivatives,,,W
1996,II,Saiga tatarica,Mammalia,Artiodactyla,Bovidae,Saiga,US,KR,,1999,,derivatives,,T,I
1996,II,Saiga tatarica,Mammalia,Artiodactyla,Bovidae,Saiga,US,RU,KZ,,2,trophies,,H,W
1996,II,Saiga tatarica,Mammalia,Artiodactyla,Bovidae,Saiga,US,RU,,,5,trophies,,H,W
1996,II,Saiga tatarica,Mammalia,Artiodactyla,Bovidae,Saiga,US,RU,,2,,trophies,,,W
1996,II,Saiga tatarica,Mammalia,Artiodactyla,Bovidae,Saiga,US,XX,,2,,trophies,,,W
1997,II,Saiga tatarica,Mammalia,Artiodactyla,Bovidae,Saiga,AT,RU,KZ,,4,trophies,,H,W
1997,II,Saiga tatarica,Mammalia,Artiodactyla,Bovidae,Saiga,CH,RU,KZ,,4,trophies,,H,W
1997,II,Saiga tatarica,Mammalia,Artiodactyla,Bovidae,Saiga,CN,RU,,30,,live,,B,W
1997,II,Saiga tatarica,Mammalia,Artiodactyla,Bovidae,Saiga,CN,RU,,,30,live,,N,W
1997,II,Saiga tatarica,Mammalia,Artiodactyla,Bovidae,Saiga,CZ,RU,UA,,12,live,,Z,C
1997,II,Saiga tatarica,Mammalia,Artiodactyla,Bovidae,Saiga,DE,PL,RU,4,,live,,Z,C
1997,II,Saiga tatarica,Mammalia,Artiodactyla,Bovidae,Saiga,DE,PL,RU,,4,live,,Z,W
1997,II,Saiga tatarica,Mammalia,Artiodactyla,Bovidae,Saiga,DE,RU,KZ,,21,trophies,,H,W
1997,II,Saiga tatarica,Mammalia,Artiodactyla,Bovidae,Saiga,DE,RU,,1,,skins,,H,W
1997,II,Saiga tatarica,Mammalia,Artiodactyla,Bovidae,Saiga,DE,RU,,1,,skulls,,H,W
1997,II,Saiga tatarica,Mammalia,Artiodactyla,Bovidae,Saiga,DK,RU,KZ,,2,trophies,,H,W
1997,II,Saiga tatarica,Mammalia,Artiodactyla,Bovidae,Saiga,GB,RU,KZ,,3230,specimens,,S,W
1997,II,Saiga tatarica,Mammalia,Artiodactyla,Bovidae,Saiga,HK,CN,,,120,derivatives,cartons,T,W
1997,II,Saiga tatarica,Mammalia,Artiodactyla,Bovidae,Saiga,HK,RU,KZ,,1200,horns,kg,T,W
1997,II,Saiga tatarica,Mammalia,Artiodactyla,Bovidae,Saiga,HK,RU,,610,,horns,kg,T,W
1997,II,Saiga tatarica,Mammalia,Artiodactyla,Bovidae,Saiga,HK,SG,XX,,200,horns,kg,T,W
1997,II,Saiga tatarica,Mammalia,Artiodactyla,Bovidae,Saiga,HK,SG,XX,200,,horn scraps,kg,T,W
1997,II,Saiga tatarica,Mammalia,Artiodactyla,Bovidae,Saiga,JP,CN,,,1185,derivatives,cartons,T,W
1997,II,Saiga tatarica,Mammalia,Artiodactyla,Bovidae,Saiga,JP,CN,,650,,derivatives,kg,T,O
1997,II,Saiga tatarica,Mammalia,Artiodactyla,Bovidae,Saiga,JP,CN,,,650,derivatives,kg,T,W
1997,II,Saiga tatarica,Mammalia,Artiodactyla,Bovidae,Saiga,JP,CN,,366,,derivatives,,T,O
1997,II,Saiga tatarica,Mammalia,Artiodactyla,Bovidae,Saiga,JP,CN,,156639,218400,derivatives,,T,W
1997,II,Saiga tatarica,Mammalia,Artiodactyla,Bovidae,Saiga,JP,HK,XX,300,300,horns,kg,T,O
1997,II,Saiga tatarica,Mammalia,Artiodactyla,Bovidae,Saiga,JP,SG,XX,,1040,horns,kg,T,O
1997,II,Saiga tatarica,Mammalia,Artiodactyla,Bovidae,Saiga,JP,SG,XX,1040,,horns,kg,T,W
1997,II,Saiga tatarica,Mammalia,Artiodactyla,Bovidae,Saiga,JP,US,RU,,1,trophies,,S,W
1997,II,Saiga tatarica,Mammalia,Artiodactyla,Bovidae,Saiga,MO,CN,,,10,derivatives,cartons,T,W
1997,II,Saiga tatarica,Mammalia,Artiodactyla,Bovidae,Saiga,MY,HK,XX,50,,horn products,kg,T,O
1997,II,Saiga tatarica,Mammalia,Artiodactyla,Bovidae,Saiga,MY,SG,KZ,,50,horns,kg,T,W
1997,II,Saiga tatarica,Mammalia,Artiodactyla,Bovidae,Saiga,MY,SG,RU,50,,horn products,kg,T,O
1997,II,Saiga tatarica,Mammalia,Artiodactyla,Bovidae,Saiga,MY,SG,XX,,9,horns,kg,T,O
1997,II,Saiga tatarica,Mammalia,Artiodactyla,Bovidae,Saiga,NL,CN,,3,,horns,,,I
1997,II,Saiga tatarica,Mammalia,Artiodactyla,Bovidae,Saiga,NL,US,,6,,horns,,,I
1997,II,Saiga tatarica,Mammalia,Artiodactyla,Bovidae,Saiga,SG,HK,RU,600,600,horns,kg,T,W
1997,II,Saiga tatarica,Mammalia,Artiodactyla,Bovidae,Saiga,SG,MY,XX,,87.845,horns,kg,T,O
1997,II,Saiga tatarica,Mammalia,Artiodactyla,Bovidae,Saiga,SG,MY,XX,97.85,,horns,kg,T,U
1997,II,Saiga tatarica,Mammalia,Artiodactyla,Bovidae,Saiga,SG,RU,KZ,1823,1600,horns,kg,T,W
1997,II,Saiga tatarica,Mammalia,Artiodactyla,Bovidae,Saiga,US,CN,,116,,derivatives,,T,I
1997,II,Saiga tatarica,Mammalia,Artiodactyla,Bovidae,Saiga,US,CN,,4,,derivatives,,,I
1997,II,Saiga tatarica,Mammalia,Artiodactyla,Bovidae,Saiga,US,CN,,10,,derivatives,,,W
1997,II,Saiga tatarica,Mammalia,Artiodactyla,Bovidae,Saiga,US,HK,CN,388,,horn products,,T,I
1997,II,Saiga tatarica,Mammalia,Artiodactyla,Bovidae,Saiga,US,KE,XX,5,,derivatives,,,W
1997,II,Saiga tatarica,Mammalia,Artiodactyla,Bovidae,Saiga,US,RU,KZ,,9,trophies,,H,W
1997,II,Saiga tatarica,Mammalia,Artiodactyla,Bovidae,Saiga,US,RU,XX,2,,trophies,,,W
1997,II,Saiga tatarica,Mammalia,Artiodactyla,Bovidae,Saiga,US,XX,CN,5,,derivatives,,,I
1998,II,Saiga tatarica,Mammalia,Artiodactyla,Bovidae,Saiga,AT,RU,KZ,,8,trophies,,H,W
1998,II,Saiga tatarica,Mammalia,Artiodactyla,Bovidae,Saiga,AT,RU,KZ,4,,trophies,,P,W
1998,II,Saiga tatarica,Mammalia,Artiodactyla,Bovidae,Saiga,BE,RU,KZ,2,2,trophies,,H,W
1998,II,Saiga tatarica,Mammalia,Artiodactyla,Bovidae,Saiga,CA,RU,,,4,skeletons,,P,O
1998,II,Saiga tatarica,Mammalia,Artiodactyla,Bovidae,Saiga,CH,RU,KZ,,1,trophies,,H,W
1998,II,Saiga tatarica,Mammalia,Artiodactyla,Bovidae,Saiga,CN,JP,CN,,5712,derivatives,,T,W
1998,II,Saiga tatarica,Mammalia,Artiodactyla,Bovidae,Saiga,CZ,CA,XX,1,,derivatives,,E,I
1998,II,Saiga tatarica,Mammalia,Artiodactyla,Bovidae,Saiga,DE,RU,KZ,,13,trophies,,H,W
1998,II,Saiga tatarica,Mammalia,Artiodactyla,Bovidae,Saiga,DK,RU,KZ,,3,trophies,,H,W
1998,II,Saiga tatarica,Mammalia,Artiodactyla,Bovidae,Saiga,FI,EE,,,2,trophies,,H,W
1998,II,Saiga tatarica,Mammalia,Artiodactyla,Bovidae,Saiga,FR,KZ,,1,,trophies,,H,W
1998,II,Saiga tatarica,Mammalia,Artiodactyla,Bovidae,Saiga,FR,RU,KZ,,1,trophies,,H,W
1998,II,Saiga tatarica,Mammalia,Artiodactyla,Bovidae,Saiga,GB,HK,XX,40,40,horns,kg,T,O
1998,II,Saiga tatarica,Mammalia,Artiodactyla,Bovidae,Saiga,GB,KZ,,30,,bones,,S,W
1998,II,Saiga tatarica,Mammalia,Artiodactyla,Bovidae,Saiga,GB,KZ,,6000,,specimens,ml,S,W
1998,II,Saiga tatarica,Mammalia,Artiodactyla,Bovidae,Saiga,GB,KZ,,2000,,teeth,,S,W
1998,II,Saiga tatarica,Mammalia,Artiodactyla,Bovidae,Saiga,HK,RU,KZ,500,,horns,kg,T,W
1998,II,Saiga tatarica,Mammalia,Artiodactyla,Bovidae,Saiga,HK,US,XX,,1,specimens,,,O
1998,II,Saiga tatarica,Mammalia,Artiodactyla,Bovidae,Saiga,ID,CN,,,19950,derivatives,boxes,T,W
1998,II,Saiga tatarica,Mammalia,Artiodactyla,Bovidae,Saiga,JP,CN,,809,975,derivatives,cartons,T,W
1998,II,Saiga tatarica,Mammalia,Artiodactyla,Bovidae,Saiga,JP,CN,,,640,derivatives,kg,T,W
1998,II,Saiga tatarica,Mammalia,Artiodactyla,Bovidae,Saiga,JP,CN,,221442,315277,derivatives,,T,W
1998,II,Saiga tatarica,Mammalia,Artiodactyla,Bovidae,Saiga,JP,HK,XX,10,10,horns,kg,T,O
1998,II,Saiga tatarica,Mammalia,Artiodactyla,Bovidae,Saiga,JP,US,RU,1,,bodies,,T,W
1998,II,Saiga tatarica,Mammalia,Artiodactyla,Bovidae,Saiga,KR,US,CN,,10,derivatives,,P,W
1998,II,Saiga tatarica,Mammalia,Artiodactyla,Bovidae,Saiga,MY,SG,XX,1000,1055,horns,kg,T,O
1998,II,Saiga tatarica,Mammalia,Artiodactyla,Bovidae,Saiga,NL,US,,1,,horns,,,I
1998,II,Saiga tatarica,Mammalia,Artiodactyla,Bovidae,Saiga,NO,GB,KZ,,30,bones,,S,W
1998,II,Saiga tatarica,Mammalia,Artiodactyla,Bovidae,Saiga,NO,GB,KZ,,1000,teeth,,S,W
1998,II,Saiga tatarica,Mammalia,Artiodactyla,Bovidae,Saiga,NZ,CN,XX,236,,derivatives,,,I
1998,II,Saiga tatarica,Mammalia,Artiodactyla,Bovidae,Saiga,NZ,HK,XX,2,,derivatives,,,I
1998,II,Saiga tatarica,Mammalia,Artiodactyla,Bovidae,Saiga,NZ,HK,XX,1,,horns,,,I
1998,II,Saiga tatarica,Mammalia,Artiodactyla,Bovidae,Saiga,NZ,KR,XX,1,,derivatives,,,I
1998,II,Saiga tatarica,Mammalia,Artiodactyla,Bovidae,Saiga,NZ,TW,XX,2,,derivatives,,,I
1998,II,Saiga tatarica,Mammalia,Artiodactyla,Bovidae,Saiga,SG,CN,,,138,derivatives,cartons,T,W
1998,II,Saiga tatarica,Mammalia,Artiodactyla,Bovidae,Saiga,SG,HK,KZ,500,500,horns,kg,T,W
1998,II,Saiga tatarica,Mammalia,Artiodactyla,Bovidae,Saiga,US,CN,XX,24,,derivatives,,,I
1998,II,Saiga tatarica,Mammalia,Artiodactyla,Bovidae,Saiga,US,CN,,13,,derivatives,,T,I
1998,II,Saiga tatarica,Mammalia,Artiodactyla,Bovidae,Saiga,US,CN,,46,,derivatives,,,I
1998,II,Saiga tatarica,Mammalia,Artiodactyla,Bovidae,Saiga,US,CN,,1,,derivatives,,,W
1998,II,Saiga tatarica,Mammalia,Artiodactyla,Bovidae,Saiga,US,CN,,4,,horn carvings,,,I
1998,II,Saiga tatarica,Mammalia,Artiodactyla,Bovidae,Saiga,US,CN,,1,,horn carvings,,,W
1998,II,Saiga tatarica,Mammalia,Artiodactyla,Bovidae,Saiga,US,ES,,1,,horns,,T,I
1998,II,Saiga tatarica,Mammalia,Artiodactyla,Bovidae,Saiga,US,HK,NZ,1500,,horn carvings,,T,W
1998,II,Saiga tatarica,Mammalia,Artiodactyla,Bovidae,Saiga,US,HK,XX,150,,derivatives,kg,T,W
1998,II,Saiga tatarica,Mammalia,Artiodactyla,Bovidae,Saiga,US,HK,XX,20,,horn carvings,kg,T,I
1998,II,Saiga tatarica,Mammalia,Artiodactyla,Bovidae,Saiga,US,HK,XX,5100,,horn carvings,,T,O
1998,II,Saiga tatarica,Mammalia,Artiodactyla,Bovidae,Saiga,US,HK,XX,,576,horns,kg,T,O
1998,II,Saiga tatarica,Mammalia,Artiodactyla,Bovidae,Saiga,US,HK,XX,2334,,horns,,T,U
1998,II,Saiga tatarica,Mammalia,Artiodactyla,Bovidae,Saiga,US,ID,CN,20,,derivatives,,,I
1998,II,Saiga tatarica,Mammalia,Artiodactyla,Bovidae,Saiga,US,KR,CN,46,,derivatives,,,W
1998,II,Saiga tatarica,Mammalia,Artiodactyla,Bovidae,Saiga,US,KR,RE,11,,derivatives,,T,I
1998,II,Saiga tatarica,Mammalia,Artiodactyla,Bovidae,Saiga,US,KR,,4,,derivatives,,,W
1998,II,Saiga tatarica,Mammalia,Artiodactyla,Bovidae,Saiga,US,MY,CN,2,,derivatives,,,I
1998,II,Saiga tatarica,Mammalia,Artiodactyla,Bovidae,Saiga,US,RU,,,30,specimens,,S,W
1999,II,Saiga tatarica,Mammalia,Artiodactyla,Bovidae,Saiga,CA,CN,,,40,derivatives,cartons,T,W
1999,II,Saiga tatarica,Mammalia,Artiodactyla,Bovidae,Saiga,CN,RU,,,40,live,,B,W
1999,II,Saiga tatarica,Mammalia,Artiodactyla,Bovidae,Saiga,CN,RU,,40,,live,,S,W
1999,II,Saiga tatarica,Mammalia,Artiodactyla,Bovidae,Saiga,CZ,RU,UA,3,3,live,,Z,C
1999,II,Saiga tatarica,Mammalia,Artiodactyla,Bovidae,Saiga,DE,RU,KZ,2,,skins,,H,W
1999,II,Saiga tatarica,Mammalia,Artiodactyla,Bovidae,Saiga,DE,RU,KZ,2,,skulls,,H,W
1999,II,Saiga tatarica,Mammalia,Artiodactyla,Bovidae,Saiga,DE,RU,KZ,,5,trophies,,H,W
1999,II,Saiga tatarica,Mammalia,Artiodactyla,Bovidae,Saiga,DE,RU,,,1,trophies,,H,W
1999,II,Saiga tatarica,Mammalia,Artiodactyla,Bovidae,Saiga,DK,RU,KZ,,1,trophies,,H,W
1999,II,Saiga tatarica,Mammalia,Artiodactyla,Bovidae,Saiga,JP,CN,,174,741,derivatives,cartons,T,W
1999,II,Saiga tatarica,Mammalia,Artiodactyla,Bovidae,Saiga,JP,CN,,640,,derivatives,kg,T,W
1999,II,Saiga tatarica,Mammalia,Artiodactyla,Bovidae,Saiga,JP,CN,,166852,220800,derivatives,,T,W
1999,II,Saiga tatarica,Mammalia,Artiodactyla,Bovidae,Saiga,MY,CN,,,140,derivatives,boxes,T,W
1999,II,Saiga tatarica,Mammalia,Artiodactyla,Bovidae,Saiga,MY,SG,XX,,40.1,horns,kg,T,O
1999,II,Saiga tatarica,Mammalia,Artiodactyla,Bovidae,Saiga,NZ,CN,,200,,derivatives,,T,W
1999,II,Saiga tatarica,Mammalia,Artiodactyla,Bovidae,Saiga,NZ,CN,,4142,,derivatives,,,I
1999,II,Saiga tatarica,Mammalia,Artiodactyla,Bovidae,Saiga,NZ,CN,,30,,horn pieces,,,I
1999,II,Saiga tatarica,Mammalia,Artiodactyla,Bovidae,Saiga,NZ,CN,,10,,horns,,,I
1999,II,Saiga tatarica,Mammalia,Artiodactyla,Bovidae,Saiga,NZ,HK,,6,,derivatives,,,I
1999,II,Saiga tatarica,Mammalia,Artiodactyla,Bovidae,Saiga,NZ,HK,,7,,horn pieces,,,I
1999,II,Saiga tatarica,Mammalia,Artiodactyla,Bovidae,Saiga,NZ,MY,,5,,derivatives,,,I
1999,II,Saiga tatarica,Mammalia,Artiodactyla,Bovidae,Saiga,RU,MN,,,35,specimens,,S,W
1999,II,Saiga tatarica,Mammalia,Artiodactyla,Bovidae,Saiga,SG,CN,,,300,derivatives,cartons,T,W
1999,II,Saiga tatarica,Mammalia,Artiodactyla,Bovidae,Saiga,SG,CN,,,252,derivatives,g,T,W
1999,II,Saiga tatarica,Mammalia,Artiodactyla,Bovidae,Saiga,SG,MY,KZ,42,,horns,kg,T,W
1999,II,Saiga tatarica,Mammalia,Artiodactyla,Bovidae,Saiga,SG,MY,XX,40,40,horns,kg,T,W
1999,II,Saiga tatarica,Mammalia,Artiodactyla,Bovidae,Saiga,SG,MY,XX,,42,horn products,kg,T,W
1999,II,Saiga tatarica,Mammalia,Artiodactyla,Bovidae,Saiga,US,CN,,,200,derivatives,cartons,T,W
1999,II,Saiga tatarica,Mammalia,Artiodactyla,Bovidae,Saiga,US,CN,,48,,derivatives,,P,W
1999,II,Saiga tatarica,Mammalia,Artiodactyla,Bovidae,Saiga,US,CN,,150,,derivatives,,T,I
1999,II,Saiga tatarica,Mammalia,Artiodactyla,Bovidae,Saiga,US,CN,,48,,derivatives,,T,W
1999,II,Saiga tatarica,Mammalia,Artiodactyla,Bovidae,Saiga,US,CN,,270,,derivatives,,,I
1999,II,Saiga tatarica,Mammalia,Artiodactyla,Bovidae,Saiga,US,HK,XX,100,200,horns,kg,T,O
1999,II,Saiga tatarica,Mammalia,Artiodactyla,Bovidae,Saiga,US,HK,XX,308,,horns,,T,I
1999,II,Saiga tatarica,Mammalia,Artiodactyla,Bovidae,Saiga,US,KZ,,1,,trophies,,,W
1999,II,Saiga tatarica,Mammalia,Artiodactyla,Bovidae,Saiga,US,RU,KZ,,1,trophies,,H,W
1999,II,Saiga tatarica,Mammalia,Artiodactyla,Bovidae,Saiga,US,RU,,30,,specimens,,,W
1999,II,Saiga tatarica,Mammalia,Artiodactyla,Bovidae,Saiga,US,RU,,,1,trophies,,P,W
2000,II,Saiga tatarica,Mammalia,Artiodactyla,Bovidae,Saiga,CA,CN,,,1500,derivatives,boxes,T,W
2000,II,Saiga tatarica,Mammalia,Artiodactyla,Bovidae,Saiga,CZ,RU,UA,,7,live,,Z,C
2000,II,Saiga tatarica,Mammalia,Artiodactyla,Bovidae,Saiga,CZ,RU,,,2,horns,,Q,W
2000,II,Saiga tatarica,Mammalia,Artiodactyla,Bovidae,Saiga,CZ,UA,,7,,live,,Z,C
2000,II,Saiga tatarica,Mammalia,Artiodactyla,Bovidae,Saiga,GB,HK,XX,1,,derivatives,,,I
2000,II,Saiga tatarica,Mammalia,Artiodactyla,Bovidae,Saiga,HK,CN,,,500,derivatives,boxes,T,W
2000,II,Saiga tatarica,Mammalia,Artiodactyla,Bovidae,Saiga,HK,CN,,,10,powder,kg,T,W
2000,II,Saiga tatarica,Mammalia,Artiodactyla,Bovidae,Saiga,HK,MY,XX,100,,horns,kg,T,O
2000,II,Saiga tatarica,Mammalia,Artiodactyla,Bovidae,Saiga,HK,MY,XX,138.6,338.6,horns,kg,T,W
2000,II,Saiga tatarica,Mammalia,Artiodactyla,Bovidae,Saiga,HK,SG,XX,,658.7,horns,kg,T,O
2000,II,Saiga tatarica,Mammalia,Artiodactyla,Bovidae,Saiga,HK,SG,XX,658.7,,horns,kg,T,W
2000,II,Saiga tatarica,Mammalia,Artiodactyla,Bovidae,Saiga,JP,CN,,,497376,derivatives,bags,T,W
2000,II,Saiga tatarica,Mammalia,Artiodactyla,Bovidae,Saiga,JP,CN,,,7,derivatives,bottles,T,W
2000,II,Saiga tatarica,Mammalia,Artiodactyla,Bovidae,Saiga,JP,CN,,,930,derivatives,cartons,T,W
2000,II,Saiga tatarica,Mammalia,Artiodactyla,Bovidae,Saiga,JP,CN,,242,572,derivatives,kg,T,W
2000,II,Saiga tatarica,Mammalia,Artiodactyla,Bovidae,Saiga,JP,CN,,313250,262020,derivatives,,T,W
2000,II,Saiga tatarica,Mammalia,Artiodactyla,Bovidae,Saiga,JP,HK,XX,,45.4,horns,kg,T,O
2000,II,Saiga tatarica,Mammalia,Artiodactyla,Bovidae,Saiga,JP,HK,XX,15.4,,horns,kg,,O
2000,II,Saiga tatarica,Mammalia,Artiodactyla,Bovidae,Saiga,MY,SG,XX,,96.092,horns,kg,T,O
2000,II,Saiga tatarica,Mammalia,Artiodactyla,Bovidae,Saiga,MY,SG,XX,90,,horns,kg,T,W
2000,II,Saiga tatarica,Mammalia,Artiodactyla,Bovidae,Saiga,NO,CN,,30,,derivatives,,P,I
2000,II,Saiga tatarica,Mammalia,Artiodactyla,Bovidae,Saiga,NZ,CN,XX,180,,derivatives,,P,U
2000,II,Saiga tatarica,Mammalia,Artiodactyla,Bovidae,Saiga,NZ,CN,XX,12,,derivatives,,,I
2000,II,Saiga tatarica,Mammalia,Artiodactyla,Bovidae,Saiga,NZ,CN,XX,100,,horn pieces,,,I
2000,II,Saiga tatarica,Mammalia,Artiodactyla,Bovidae,Saiga,NZ,HK,XX,13,,derivatives,,,I
2000,II,Saiga tatarica,Mammalia,Artiodactyla,Bovidae,Saiga,NZ,JP,XX,2,,derivatives,,,I
2000,II,Saiga tatarica,Mammalia,Artiodactyla,Bovidae,Saiga,SG,HK,XX,88.2,88.2,horns,kg,T,O
2000,II,Saiga tatarica,Mammalia,Artiodactyla,Bovidae,Saiga,SG,MY,XX,64.34,64.34,horns,kg,T,W
2000,II,Saiga tatarica,Mammalia,Artiodactyla,Bovidae,Saiga,US,CN,XX,1,,derivatives,,P,I
2000,II,Saiga tatarica,Mammalia,Artiodactyla,Bovidae,Saiga,US,CN,,3,,derivatives,,P,I
2000,II,Saiga tatarica,Mammalia,Artiodactyla,Bovidae,Saiga,US,CN,,1,,horn carvings,,P,I
2000,II,Saiga tatarica,Mammalia,Artiodactyla,Bovidae,Saiga,US,HK,CN,50,,derivatives,,,I
2000,II,Saiga tatarica,Mammalia,Artiodactyla,Bovidae,Saiga,US,KR,XX,14,,derivatives,,P,W
2000,II,Saiga tatarica,Mammalia,Artiodactyla,Bovidae,Saiga,US,KR,XX,10,,derivatives,,T,I
2000,II,Saiga tatarica,Mammalia,Artiodactyla,Bovidae,Saiga,US,MY,CN,1,,derivatives,,P,I
2000,II,Saiga tatarica,Mammalia,Artiodactyla,Bovidae,Saiga,US,RU,,1,,trophies,,,W
2000,II,Saiga tatarica,Mammalia,Artiodactyla,Bovidae,Saiga,US,TM,XX,129,,horns,,T,W
2001,II,Saiga tatarica,Mammalia,Artiodactyla,Bovidae,Saiga,AU,CN,,,1728,derivatives,g,T,W
2001,II,Saiga tatarica,Mammalia,Artiodactyla,Bovidae,Saiga,CN,KZ,,,19000,horns,kg,T,W
2001,II,Saiga tatarica,Mammalia,Artiodactyla,Bovidae,Saiga,CZ,NL,XX,,7,bone pieces,,E,I
2001,II,Saiga tatarica,Mammalia,Artiodactyla,Bovidae,Saiga,CZ,NL,XX,7,,derivatives,,E,I
2001,II,Saiga tatarica,Mammalia,Artiodactyla,Bovidae,Saiga,HK,JP,XX,,4539.19,derivatives,g,T,O
2001,II,Saiga tatarica,Mammalia,Artiodactyla,Bovidae,Saiga,HK,SG,XX,,120,horns,kg,T,O
2001,II,Saiga tatarica,Mammalia,Artiodactyla,Bovidae,Saiga,HK,SG,XX,120,,horns,kg,T,W
2001,II,Saiga tatarica,Mammalia,Artiodactyla,Bovidae,Saiga,HU,XX,,1,,horns,,,I
2001,II,Saiga tatarica,Mammalia,Artiodactyla,Bovidae,Saiga,JP,CN,,247,603,derivatives,cartons,T,W
2001,II,Saiga tatarica,Mammalia,Artiodactyla,Bovidae,Saiga,JP,CN,,600,978.067,derivatives,kg,T,W
2001,II,Saiga tatarica,Mammalia,Artiodactyla,Bovidae,Saiga,JP,CN,,707376,220000,derivatives,,T,W
2001,II,Saiga tatarica,Mammalia,Artiodactyla,Bovidae,Saiga,JP,CN,,342.948,,horns,kg,T,W
2001,II,Saiga tatarica,Mammalia,Artiodactyla,Bovidae,Saiga,JP,HK,XX,60,,horns,kg,T,O
2001,II,Saiga tatarica,Mammalia,Artiodactyla,Bovidae,Saiga,NL,CZ,XX,,7,derivatives,,E,I
2001,II,Saiga tatarica,Mammalia,Artiodactyla,Bovidae,Saiga,NZ,CL,XX,4,,derivatives,,,I
2001,II,Saiga tatarica,Mammalia,Artiodactyla,Bovidae,Saiga,NZ,CN,,93,,derivatives,,,I
2001,II,Saiga tatarica,Mammalia,Artiodactyla,Bovidae,Saiga,NZ,DK,,5,,derivatives,,,I
2001,II,Saiga tatarica,Mammalia,Artiodactyla,Bovidae,Saiga,NZ,HK,,1,,derivatives,,,I
2001,II,Saiga tatarica,Mammalia,Artiodactyla,Bovidae,Saiga,NZ,KR,,9,,derivatives,,,I
2001,II,Saiga tatarica,Mammalia,Artiodactyla,Bovidae,Saiga,NZ,MY,,4,,derivatives,,,I
2001,II,Saiga tatarica,Mammalia,Artiodactyla,Bovidae,Saiga,NZ,VN,,20,,derivatives,,,I
2001,II,Saiga tatarica,Mammalia,Artiodactyla,Bovidae,Saiga,PL,RU,,,26,live,,Z,W
2001,II,Saiga tatarica,Mammalia,Artiodactyla,Bovidae,Saiga,TH,JP,XX,,150.77,derivatives,g,T,O
2001,II,Saiga tatarica,Mammalia,Artiodactyla,Bovidae,Saiga,US,CN,RU,3,,horns,,T,W
2001,II,Saiga tatarica,Mammalia,Artiodactyla,Bovidae,Saiga,US,CN,XX,7,,derivatives,,P,I
2001,II,Saiga tatarica,Mammalia,Artiodactyla,Bovidae,Saiga,US,CN,XX,43,,derivatives,,P,W
2001,II,Saiga tatarica,Mammalia,Artiodactyla,Bovidae,Saiga,US,CN,,2,,derivatives,,P,W
2001,II,Saiga tatarica,Mammalia,Artiodactyla,Bovidae,Saiga,US,CN,,37,,horns,kg,T,I
2001,II,Saiga tatarica,Mammalia,Artiodactyla,Bovidae,Saiga,US,CZ,,,1,skulls,,S,F
2001,II,Saiga tatarica,Mammalia,Artiodactyla,Bovidae,Saiga,US,KR,XX,190,,derivatives,,P,I
2001,II,Saiga tatarica,Mammalia,Artiodactyla,Bovidae,Saiga,US,KR,XX,26,,derivatives,,P,W
2001,II,Saiga tatarica,Mammalia,Artiodactyla,Bovidae,Saiga,US,PH,CN,1,,derivatives,,P,I
2001,II,Saiga tatarica,Mammalia,Artiodactyla,Bovidae,Saiga,US,RU,,,26,specimens,,S,W
2001,II,Saiga tatarica,Mammalia,Artiodactyla,Bovidae,Saiga,US,UZ,,,1,skulls,,S,W
2001,II,Saiga tatarica,Mammalia,Artiodactyla,Bovidae,Saiga,US,XX,,98,,derivatives,,T,I
2002,II,Saiga tatarica,Mammalia,Artiodactyla,Bovidae,Saiga,CA,HK,XX,,30,horns,kg,T,O
2002,II,Saiga tatarica,Mammalia,Artiodactyla,Bovidae,Saiga,CZ,DE,,1,3,live,,Z,C
2002,II,Saiga tatarica,Mammalia,Artiodactyla,Bovidae,Saiga,EE,DK,XX,,10,derivatives,,E,I
2002,II,Saiga tatarica,Mammalia,Artiodactyla,Bovidae,Saiga,GB,CN,,19800,,derivatives,,,I
2002,II,Saiga tatarica,Mammalia,Artiodactyla,Bovidae,Saiga,GR,CN,,,1,derivatives,,L,W
2002,II,Saiga tatarica,Mammalia,Artiodactyla,Bovidae,Saiga,HK,JP,XX,,9.304,derivatives,kg,T,O
2002,II,Saiga tatarica,Mammalia,Artiodactyla,Bovidae,Saiga,HK,KZ,,3000,,horns,kg,T,W
2002,II,Saiga tatarica,Mammalia,Artiodactyla,Bovidae,Saiga,HK,MY,SG,278.6,,horns,kg,T,O
2002,II,Saiga tatarica,Mammalia,Artiodactyla,Bovidae,Saiga,HK,MY,SG,767.1,,horns,kg,T,W
2002,II,Saiga tatarica,Mammalia,Artiodactyla,Bovidae,Saiga,HK,SG,XX,,212.7,horns,kg,T,O
2002,II,Saiga tatarica,Mammalia,Artiodactyla,Bovidae,Saiga,HK,SG,XX,204.95,,horns,kg,T,W
2002,II,Saiga tatarica,Mammalia,Artiodactyla,Bovidae,Saiga,JP,CN,,7.02,191.395,derivatives,kg,T,W
2002,II,Saiga tatarica,Mammalia,Artiodactyla,Bovidae,Saiga,JP,CN,,24375,,horns,g,T,W
2002,II,Saiga tatarica,Mammalia,Artiodactyla,Bovidae,Saiga,JP,CN,,7213.11,,horns,kg,T,W
2002,II,Saiga tatarica,Mammalia,Artiodactyla,Bovidae,Saiga,JP,HK,XX,,30,horns,kg,T,O
2002,II,Saiga tatarica,Mammalia,Artiodactyla,Bovidae,Saiga,LV,DK,XX,,10,derivatives,,E,I
2002,II,Saiga tatarica,Mammalia,Artiodactyla,Bovidae,Saiga,MY,HK,XX,272.6,,horns,kg,T,U
2002,II,Saiga tatarica,Mammalia,Artiodactyla,Bovidae,Saiga,MY,SG,XX,,44.85,horns,kg,T,O
2002,II,Saiga tatarica,Mammalia,Artiodactyla,Bovidae,Saiga,MY,SG,XX,22.6,,horns,kg,T,W
2002,II,Saiga tatarica,Mammalia,Artiodactyla,Bovidae,Saiga,NO,CN,,24,,derivatives,,P,I
2002,II,Saiga tatarica,Mammalia,Artiodactyla,Bovidae,Saiga,NZ,CN,,36,,derivatives,,,I
2002,II,Saiga tatarica,Mammalia,Artiodactyla,Bovidae,Saiga,NZ,KR,,18,,derivatives,,,I
2002,II,Saiga tatarica,Mammalia,Artiodactyla,Bovidae,Saiga,SK,DK,XX,3,3,derivatives,,E,I
2002,II,Saiga tatarica,Mammalia,Artiodactyla,Bovidae,Saiga,US,CN,XX,30,,derivatives,,P,I
2002,II,Saiga tatarica,Mammalia,Artiodactyla,Bovidae,Saiga,US,CN,XX,5,,derivatives,,P,W
2002,II,Saiga tatarica,Mammalia,Artiodactyla,Bovidae,Saiga,US,CN,,100,,derivatives,,P,I
2002,II,Saiga tatarica,Mammalia,Artiodactyla,Bovidae,Saiga,US,CN,,24,,derivatives,,P,W
2002,II,Saiga tatarica,Mammalia,Artiodactyla,Bovidae,Saiga,US,CN,,50,,derivatives,,T,I
2002,II,Saiga tatarica,Mammalia,Artiodactyla,Bovidae,Saiga,US,CN,,1,,horns,,P,W
2002,II,Saiga tatarica,Mammalia,Artiodactyla,Bovidae,Saiga,US,HK,CN,100,,derivatives,,P,I
2002,II,Saiga tatarica,Mammalia,Artiodactyla,Bovidae,Saiga,US,HK,XX,630,,derivatives,,T,I
2002,II,Saiga tatarica,Mammalia,Artiodactyla,Bovidae,Saiga,US,KR,XX,78,,derivatives,,P,W
2002,II,Saiga tatarica,Mammalia,Artiodactyla,Bovidae,Saiga,US,RU,,1,,trophies,,H,W
2003,II,Saiga tatarica,Mammalia,Artiodactyla,Bovidae,Saiga,CN,KZ,,,7500,horns,kg,T,W
2003,II,Saiga tatarica,Mammalia,Artiodactyla,Bovidae,Saiga,CZ,DE,,2,,live,,Z,C
2003,II,Saiga tatarica,Mammalia,Artiodactyla,Bovidae,Saiga,CZ,RU,,,2,live,,Z,F
2003,II,Saiga tatarica,Mammalia,Artiodactyla,Bovidae,Saiga,DE,RU,XX,,2,horns,,E,W
2003,II,Saiga tatarica,Mammalia,Artiodactyla,Bovidae,Saiga,DE,RU,XX,2,,horns,,Q,O
2003,II,Saiga tatarica,Mammalia,Artiodactyla,Bovidae,Saiga,GR,CN,,1,,specimens,,E,W
2003,II,Saiga tatarica,Mammalia,Artiodactyla,Bovidae,Saiga,HK,JP,XX,,139870,derivatives,,T,O
2003,II,Saiga tatarica,Mammalia,Artiodactyla,Bovidae,Saiga,HK,MY,SG,,228,derivatives,kg,T,U
2003,II,Saiga tatarica,Mammalia,Artiodactyla,Bovidae,Saiga,HK,MY,XX,228,,horns,kg,T,W
2003,II,Saiga tatarica,Mammalia,Artiodactyla,Bovidae,Saiga,HK,SG,XX,200,512.75,horns,kg,T,O
2003,II,Saiga tatarica,Mammalia,Artiodactyla,Bovidae,Saiga,HK,SG,XX,312.75,,horns,kg,T,W
2003,II,Saiga tatarica,Mammalia,Artiodactyla,Bovidae,Saiga,JP,CN,,,240.842,derivatives,kg,T,W
2003,II,Saiga tatarica,Mammalia,Artiodactyla,Bovidae,Saiga,JP,CN,,65.784,,horns,kg,T,W
2003,II,Saiga tatarica,Mammalia,Artiodactyla,Bovidae,Saiga,JP,HK,XX,30,,horns,kg,T,O
2003,II,Saiga tatarica,Mammalia,Artiodactyla,Bovidae,Saiga,JP,HK,XX,,30,horns,kg,T,U
2003,II,Saiga tatarica,Mammalia,Artiodactyla,Bovidae,Saiga,MY,CN,,,0.9,derivatives,kg,T,W
2003,II,Saiga tatarica,Mammalia,Artiodactyla,Bovidae,Saiga,MY,HK,SG,,272.2,horns,kg,T,O
2003,II,Saiga tatarica,Mammalia,Artiodactyla,Bovidae,Saiga,MY,HK,XX,30,30,horns,kg,T,U
2003,II,Saiga tatarica,Mammalia,Artiodactyla,Bovidae,Saiga,MY,SG,XX,25.05,60.9,horns,kg,T,O
2003,II,Saiga tatarica,Mammalia,Artiodactyla,Bovidae,Saiga,MY,SG,XX,35.85,,horns,kg,T,W
2003,II,Saiga tatarica,Mammalia,Artiodactyla,Bovidae,Saiga,NZ,CN,XX,346,,derivatives,,,I
2003,II,Saiga tatarica,Mammalia,Artiodactyla,Bovidae,Saiga,NZ,CN,XX,34,,horn pieces,,,I
2003,II,Saiga tatarica,Mammalia,Artiodactyla,Bovidae,Saiga,NZ,HK,XX,120,,derivatives,,,I
2003,II,Saiga tatarica,Mammalia,Artiodactyla,Bovidae,Saiga,NZ,ID,XX,1,,derivatives,,,I
2003,II,Saiga tatarica,Mammalia,Artiodactyla,Bovidae,Saiga,NZ,KR,XX,25,,derivatives,,,I
2003,II,Saiga tatarica,Mammalia,Artiodactyla,Bovidae,Saiga,NZ,XX,,2,,derivatives,,,I
2003,II,Saiga tatarica,Mammalia,Artiodactyla,Bovidae,Saiga,RU,DE,XX,,2,horns,,Q,O
2003,II,Saiga tatarica,Mammalia,Artiodactyla,Bovidae,Saiga,SG,HK,KZ,563,563.1,horns,kg,T,W
2003,II,Saiga tatarica,Mammalia,Artiodactyla,Bovidae,Saiga,SG,JP,XX,,13600,derivatives,,T,O
2003,II,Saiga tatarica,Mammalia,Artiodactyla,Bovidae,Saiga,SG,MY,SG,,30,derivatives,kg,T,U
2003,II,Saiga tatarica,Mammalia,Artiodactyla,Bovidae,Saiga,SG,MY,XX,30,,horns,kg,T,O
2003,II,Saiga tatarica,Mammalia,Artiodactyla,Bovidae,Saiga,TH,JP,XX,,110,derivatives,,T,O
2003,II,Saiga tatarica,Mammalia,Artiodactyla,Bovidae,Saiga,US,HK,XX,4,,derivatives,,P,I
2003,II,Saiga tatarica,Mammalia,Artiodactyla,Bovidae,Saiga,US,KR,XX,10,,derivatives,,P,W
2004,II,Saiga spp.,Mammalia,Artiodactyla,Bovidae,Saiga,DK,HR,XX,,1,derivatives,boxes,E,I
2004,II,Saiga tatarica,Mammalia,Artiodactyla,Bovidae,Saiga,CA,CN,,,0.528,derivatives,kg,T,W
2004,II,Saiga tatarica,Mammalia,Artiodactyla,Bovidae,Saiga,CN,SG,KZ,,2000,horns,kg,T,W
2004,II,Saiga tatarica,Mammalia,Artiodactyla,Bovidae,Saiga,CN,SG,XX,,2000,horns,kg,T,O
2004,II,Saiga tatarica,Mammalia,Artiodactyla,Bovidae,Saiga,CN,SG,XX,2000,,horns,kg,T,W
2004,II,Saiga tatarica,Mammalia,Artiodactyla,Bovidae,Saiga,CZ,RU,,2,,live,,Z,F
2004,II,Saiga tatarica,Mammalia,Artiodactyla,Bovidae,Saiga,DK,HR,XX,1,,derivatives,,E,I
2004,II,Saiga tatarica,Mammalia,Artiodactyla,Bovidae,Saiga,DK,UA,XX,,1,derivatives,boxes,E,I
2004,II,Saiga tatarica,Mammalia,Artiodactyla,Bovidae,Saiga,GB,HK,,360,,derivatives,,,I
2004,II,Saiga tatarica,Mammalia,Artiodactyla,Bovidae,Saiga,HK,JP,XX,,8.691,derivatives,kg,T,O
2004,II,Saiga tatarica,Mammalia,Artiodactyla,Bovidae,Saiga,HK,MY,XX,532.6,433.6,horns,kg,T,O
2004,II,Saiga tatarica,Mammalia,Artiodactyla,Bovidae,Saiga,HK,SG,XX,1000,1000,horns,kg,T,O
2004,II,Saiga tatarica,Mammalia,Artiodactyla,Bovidae,Saiga,ID,HK,XX,,18,horns,kg,T,O
2004,II,Saiga tatarica,Mammalia,Artiodactyla,Bovidae,Saiga,JP,CN,,2,255.613,derivatives,kg,T,W
2004,II,Saiga tatarica,Mammalia,Artiodactyla,Bovidae,Saiga,JP,CN,,120.368,,horns,kg,T,W
2004,II,Saiga tatarica,Mammalia,Artiodactyla,Bovidae,Saiga,JP,KR,XX,,65.059,derivatives,kg,T,O
2004,II,Saiga tatarica,Mammalia,Artiodactyla,Bovidae,Saiga,JP,KR,XX,232600,,derivatives,,T,O
2004,II,Saiga tatarica,Mammalia,Artiodactyla,Bovidae,Saiga,KR,HK,XX,90,180,horns,kg,T,O
2004,II,Saiga tatarica,Mammalia,Artiodactyla,Bovidae,Saiga,MY,HK,XX,350.04,350.04,horns,kg,T,O
2004,II,Saiga tatarica,Mammalia,Artiodactyla,Bovidae,Saiga,MY,SG,KZ,,19.5,horns,kg,T,W
2004,II,Saiga tatarica,Mammalia,Artiodactyla,Bovidae,Saiga,NZ,CN,,1021,,derivatives,,,I
2004,II,Saiga tatarica,Mammalia,Artiodactyla,Bovidae,Saiga,NZ,HK,,31,,derivatives,,,I
2004,II,Saiga tatarica,Mammalia,Artiodactyla,Bovidae,Saiga,NZ,JP,,100,,derivatives,,,I
2004,II,Saiga tatarica,Mammalia,Artiodactyla,Bovidae,Saiga,NZ,KR,,25,,derivatives,,,I
2004,II,Saiga tatarica,Mammalia,Artiodactyla,Bovidae,Saiga,NZ,SG,,20,,derivatives,,,I
2004,II,Saiga tatarica,Mammalia,Artiodactyla,Bovidae,Saiga,SG,CN,XX,,250,derivatives,kg,T,W
2004,II,Saiga tatarica,Mammalia,Artiodactyla,Bovidae,Saiga,SG,JP,XX,,0.6,derivatives,g,T,O
2004,II,Saiga tatarica,Mammalia,Artiodactyla,Bovidae,Saiga,SG,JP,XX,,0.611,derivatives,kg,T,O
2004,II,Saiga tatarica,Mammalia,Artiodactyla,Bovidae,Saiga,US,CN,XX,15,,derivatives,,P,I
2004,II,Saiga tatarica,Mammalia,Artiodactyla,Bovidae,Saiga,US,CN,XX,4,,derivatives,,P,W
2004,II,Saiga tatarica,Mammalia,Artiodactyla,Bovidae,Saiga,US,CN,XX,126,,derivatives,,T,I
2004,II,Saiga tatarica,Mammalia,Artiodactyla,Bovidae,Saiga,US,CN,,36,,derivatives,,T,I
2004,II,Saiga tatarica,Mammalia,Artiodactyla,Bovidae,Saiga,US,HK,XX,1000,,derivatives,,T,I
2004,II,Saiga tatarica,Mammalia,Artiodactyla,Bovidae,Saiga,US,KR,XX,3,,derivatives,,P,I
2004,II,Saiga tatarica,Mammalia,Artiodactyla,Bovidae,Saiga,US,KR,XX,5,,derivatives,,T,I
2004,II,Saiga tatarica,Mammalia,Artiodactyla,Bovidae,Saiga,US,RU,,1,,horn carvings,,P,W
2004,II,Saiga tatarica,Mammalia,Artiodactyla,Bovidae,Saiga,US,SG,KZ,45,,horns,kg,T,I
2004,II,Saiga tatarica,Mammalia,Artiodactyla,Bovidae,Saiga,US,SG,XX,,40,horns,kg,Q,O
2005,II,Saiga tatarica,Mammalia,Artiodactyla,Bovidae,Saiga,AU,CN,,,9.33,derivatives,kg,T,W
2005,II,Saiga tatarica,Mammalia,Artiodactyla,Bovidae,Saiga,CA,CN,,,0.171,derivatives,kg,T,W
2005,II,Saiga tatarica,Mammalia,Artiodactyla,Bovidae,Saiga,CA,HK,XX,,50,horns,kg,T,O
2005,II,Saiga tatarica,Mammalia,Artiodactyla,Bovidae,Saiga,CN,SG,XX,,3500,horns,kg,T,O
2005,II,Saiga tatarica,Mammalia,Artiodactyla,Bovidae,Saiga,DK,KW,XX,1,,derivatives,,E,I
2005,II,Saiga tatarica,Mammalia,Artiodactyla,Bovidae,Saiga,HK,JP,XX,,7065.56,derivatives,g,T,O
2005,II,Saiga tatarica,Mammalia,Artiodactyla,Bovidae,Saiga,HK,JP,XX,,1229.25,derivatives,kg,T,O
2005,II,Saiga tatarica,Mammalia,Artiodactyla,Bovidae,Saiga,HK,JP,XX,100,100,horns,kg,T,O
2005,II,Saiga tatarica,Mammalia,Artiodactyla,Bovidae,Saiga,HK,MY,XX,56.677,,horns,kg,T,O
2005,II,Saiga tatarica,Mammalia,Artiodactyla,Bovidae,Saiga,HK,MY,XX,,56.667,horns,kg,,O
2005,II,Saiga tatarica,Mammalia,Artiodactyla,Bovidae,Saiga,HK,SG,XX,,94.3,bones,kg,T,O
2005,II,Saiga tatarica,Mammalia,Artiodactyla,Bovidae,Saiga,HK,SG,XX,8533.3,8259,horns,kg,T,O
2005,II,Saiga tatarica,Mammalia,Artiodactyla,Bovidae,Saiga,HU,CN,,40,,derivatives,,,I
2005,II,Saiga tatarica,Mammalia,Artiodactyla,Bovidae,Saiga,HU,CN,,1,,horns,,,I
2005,II,Saiga tatarica,Mammalia,Artiodactyla,Bovidae,Saiga,HU,XX,,28,,derivatives,,,I
2005,II,Saiga tatarica,Mammalia,Artiodactyla,Bovidae,Saiga,JP,CN,,,442.876,derivatives,kg,T,W
2005,II,Saiga tatarica,Mammalia,Artiodactyla,Bovidae,Saiga,JP,CN,,153.904,,horns,kg,T,W
2005,II,Saiga tatarica,Mammalia,Artiodactyla,Bovidae,Saiga,JP,HK,XX,480,260,horns,kg,T,O
2005,II,Saiga tatarica,Mammalia,Artiodactyla,Bovidae,Saiga,JP,KR,XX,19.35,,derivatives,kg,T,O
2005,II,Saiga tatarica,Mammalia,Artiodactyla,Bovidae,Saiga,JP,KR,XX,6.45,19.35,derivatives,kg,T,W
2005,II,Saiga tatarica,Mammalia,Artiodactyla,Bovidae,Saiga,KR,CN,,,26.1,derivatives,g,T,W
2005,II,Saiga tatarica,Mammalia,Artiodactyla,Bovidae,Saiga,KR,CN,,,17.245,derivatives,kg,T,W
2005,II,Saiga tatarica,Mammalia,Artiodactyla,Bovidae,Saiga,KR,CN,,15.43844,,derivatives,kg,T,
2005,II,Saiga tatarica,Mammalia,Artiodactyla,Bovidae,Saiga,MY,SG,KZ,,20,horns,kg,T,W
2005,II,Saiga tatarica,Mammalia,Artiodactyla,Bovidae,Saiga,NO,CN,XX,1,,derivatives,boxes,P,I
2005,II,Saiga tatarica,Mammalia,Artiodactyla,Bovidae,Saiga,NZ,CN,,6,,horn pieces,,,I
2005,II,Saiga tatarica,Mammalia,Artiodactyla,Bovidae,Saiga,PL,UA,,1,,skins,,,I
2005,II,Saiga tatarica,Mammalia,Artiodactyla,Bovidae,Saiga,SG,CN,KZ,1920,2340,horn pieces,kg,T,W
2005,II,Saiga tatarica,Mammalia,Artiodactyla,Bovidae,Saiga,SG,JP,XX,,199.95,derivatives,g,T,O
2005,II,Saiga tatarica,Mammalia,Artiodactyla,Bovidae,Saiga,SG,US,RU,40,,horns,kg,T,O
2005,II,Saiga tatarica,Mammalia,Artiodactyla,Bovidae,Saiga,TH,JP,XX,,120.08,derivatives,g,T,O
2005,II,Saiga tatarica,Mammalia,Artiodactyla,Bovidae,Saiga,US,CA,XX,2,,horns,,T,W
2005,II,Saiga tatarica,Mammalia,Artiodactyla,Bovidae,Saiga,US,CA,XX,1,,skins,,T,W
2005,II,Saiga tatarica,Mammalia,Artiodactyla,Bovidae,Saiga,US,CN,XX,54,,derivatives,,P,W
2005,II,Saiga tatarica,Mammalia,Artiodactyla,Bovidae,Saiga,US,CN,XX,1,,horns,,P,W
2005,II,Saiga tatarica,Mammalia,Artiodactyla,Bovidae,Saiga,US,HK,XX,2000,,derivatives,,T,I
2005,II,Saiga tatarica,Mammalia,Artiodactyla,Bovidae,Saiga,US,IT,CN,1,,skin pieces,,T,I
2006,II,Saiga tatarica,Mammalia,Artiodactyla,Bovidae,Saiga,CA,CN,,,2.172,horns,kg,T,W
2006,II,Saiga tatarica,Mammalia,Artiodactyla,Bovidae,Saiga,CN,JP,XX,,2.65,horns,kg,T,O
2006,II,Saiga tatarica,Mammalia,Artiodactyla,Bovidae,Saiga,CN,JP,,2.65,,powder,kg,T,O
2006,II,Saiga tatarica,Mammalia,Artiodactyla,Bovidae,Saiga,CN,SG,XX,,1500,horns,kg,T,O
2006,II,Saiga tatarica,Mammalia,Artiodactyla,Bovidae,Saiga,HK,JP,XX,,17.21,derivatives,g,T,O
2006,II,Saiga tatarica,Mammalia,Artiodactyla,Bovidae,Saiga,HK,JP,XX,,9.725,derivatives,kg,T,O
2006,II,Saiga tatarica,Mammalia,Artiodactyla,Bovidae,Saiga,HK,SG,RU,260,289,horns,kg,T,O
2006,II,Saiga tatarica,Mammalia,Artiodactyla,Bovidae,Saiga,HK,SG,XX,106.68,2206.68,horns,kg,T,O
2006,II,Saiga tatarica,Mammalia,Artiodactyla,Bovidae,Saiga,HU,CN,,12,,derivatives,,,I
2006,II,Saiga tatarica,Mammalia,Artiodactyla,Bovidae,Saiga,HU,XX,,690,,derivatives,,,I
2006,II,Saiga tatarica,Mammalia,Artiodactyla,Bovidae,Saiga,JP,CN,,2.599,2.599,derivatives,kg,T,W
2006,II,Saiga tatarica,Mammalia,Artiodactyla,Bovidae,Saiga,JP,CN,,227.207,323.584,horns,kg,T,W
2006,II,Saiga tatarica,Mammalia,Artiodactyla,Bovidae,Saiga,JP,HK,XX,240,240,horns,kg,T,O
2006,II,Saiga tatarica,Mammalia,Artiodactyla,Bovidae,Saiga,JP,SG,XX,150.5,690,horns,kg,T,O
2006,II,Saiga tatarica,Mammalia,Artiodactyla,Bovidae,Saiga,KR,CN,XX,9.657,,derivatives,kg,T,W
2006,II,Saiga tatarica,Mammalia,Artiodactyla,Bovidae,Saiga,KR,CN,,,14.877,horns,kg,T,W
2006,II,Saiga tatarica,Mammalia,Artiodactyla,Bovidae,Saiga,KR,JP,XX,,6.411,derivatives,kg,T,O
2006,II,Saiga tatarica,Mammalia,Artiodactyla,Bovidae,Saiga,KW,DK,XX,,81,derivatives,,E,I
2006,II,Saiga tatarica,Mammalia,Artiodactyla,Bovidae,Saiga,SG,JP,XX,,0.15,derivatives,kg,T,O
2006,II,Saiga tatarica,Mammalia,Artiodactyla,Bovidae,Saiga,SG,JP,XX,30,,horns,kg,T,O
2006,II,Saiga tatarica,Mammalia,Artiodactyla,Bovidae,Saiga,TH,JP,XX,,0.12,derivatives,kg,T,O
2006,II,Saiga tatarica,Mammalia,Artiodactyla,Bovidae,Saiga,US,CN,XX,20,,derivatives,,P,W
2006,II,Saiga tatarica,Mammalia,Artiodactyla,Bovidae,Saiga,US,CN,XX,1,,horns,,P,I
2006,II,Saiga tatarica,Mammalia,Artiodactyla,Bovidae,Saiga,US,CN,,6,,derivatives,,P,I
2006,II,Saiga tatarica,Mammalia,Artiodactyla,Bovidae,Saiga,US,CN,,1,,derivatives,,P,W
2006,II,Saiga tatarica,Mammalia,Artiodactyla,Bovidae,Saiga,US,CN,,125,,derivatives,,T,I
2006,II,Saiga tatarica,Mammalia,Artiodactyla,Bovidae,Saiga,US,HK,XX,2,,derivatives,,P,W
2006,II,Saiga tatarica,Mammalia,Artiodactyla,Bovidae,Saiga,US,KR,XX,2,,derivatives,,P,I
2006,II,Saiga tatarica,Mammalia,Artiodactyla,Bovidae,Saiga,US,KR,XX,1,,derivatives,,P,W
2006,II,Saiga tatarica,Mammalia,Artiodactyla,Bovidae,Saiga,US,KR,XX,36,,derivatives,,T,W
2006,II,Saiga tatarica,Mammalia,Artiodactyla,Bovidae,Saiga,US,MY,XX,3,,horn pieces,,P,I
2006,II,Saiga tatarica,Mammalia,Artiodactyla,Bovidae,Saiga,US,MY,,2,,derivatives,,P,I
2007,II,Saiga tatarica,Mammalia,Artiodactyla,Bovidae,Saiga,AU,NZ,XX,,3.5,derivatives,g,L,I
2007,II,Saiga tatarica,Mammalia,Artiodactyla,Bovidae,Saiga,AU,NZ,XX,,10.3,derivatives,g,S,U
2007,II,Saiga tatarica,Mammalia,Artiodactyla,Bovidae,Saiga,CA,CN,,,1.35,derivatives,kg,T,W
2007,II,Saiga tatarica,Mammalia,Artiodactyla,Bovidae,Saiga,DK,SL,XX,1,,derivatives,,E,I
2007,II,Saiga tatarica,Mammalia,Artiodactyla,Bovidae,Saiga,HK,CN,,,69.816,derivatives,kg,T,W
2007,II,Saiga tatarica,Mammalia,Artiodactyla,Bovidae,Saiga,HK,JP,XX,,8.042,derivatives,kg,T,O
2007,II,Saiga tatarica,Mammalia,Artiodactyla,Bovidae,Saiga,HK,SG,XX,2543.6,443.6,horns,kg,T,O
2007,II,Saiga tatarica,Mammalia,Artiodactyla,Bovidae,Saiga,JP,CN,,,461.745,derivatives,kg,T,W
2007,II,Saiga tatarica,Mammalia,Artiodactyla,Bovidae,Saiga,JP,CN,,16,,horns,g,T,W
2007,II,Saiga tatarica,Mammalia,Artiodactyla,Bovidae,Saiga,JP,CN,,198.986,,horns,kg,T,W
2007,II,Saiga tatarica,Mammalia,Artiodactyla,Bovidae,Saiga,JP,HK,XX,523,130,horns,kg,T,O
2007,II,Saiga tatarica,Mammalia,Artiodactyla,Bovidae,Saiga,KR,CN,XX,12.9717,,derivatives,kg,T,W
2007,II,Saiga tatarica,Mammalia,Artiodactyla,Bovidae,Saiga,KR,CN,,,35.08,derivatives,kg,T,W
2007,II,Saiga tatarica,Mammalia,Artiodactyla,Bovidae,Saiga,NZ,CN,XX,0.028,,derivatives,kg,P,I
2007,II,Saiga tatarica,Mammalia,Artiodactyla,Bovidae,Saiga,NZ,CN,XX,1598,,derivatives,,P,I
2007,II,Saiga tatarica,Mammalia,Artiodactyla,Bovidae,Saiga,NZ,CN,XX,60,,derivatives,,T,I
2007,II,Saiga tatarica,Mammalia,Artiodactyla,Bovidae,Saiga,NZ,CN,,82.6,,derivatives,g,T,W
2007,II,Saiga tatarica,Mammalia,Artiodactyla,Bovidae,Saiga,NZ,CN,,,0.323,derivatives,kg,T,W
2007,II,Saiga tatarica,Mammalia,Artiodactyla,Bovidae,Saiga,NZ,HK,XX,179,,derivatives,,P,I
2007,II,Saiga tatarica,Mammalia,Artiodactyla,Bovidae,Saiga,NZ,HK,XX,276,,derivatives,,T,I
2007,II,Saiga tatarica,Mammalia,Artiodactyla,Bovidae,Saiga,NZ,KR,XX,30,,derivatives,ml,P,I
2007,II,Saiga tatarica,Mammalia,Artiodactyla,Bovidae,Saiga,NZ,KR,XX,109,,derivatives,,P,I
2007,II,Saiga tatarica,Mammalia,Artiodactyla,Bovidae,Saiga,NZ,MY,XX,1,,derivatives,,P,I
2007,II,Saiga tatarica,Mammalia,Artiodactyla,Bovidae,Saiga,NZ,SG,XX,12,,derivatives,,P,I
2007,II,Saiga tatarica,Mammalia,Artiodactyla,Bovidae,Saiga,NZ,TH,XX,5,,derivatives,,P,I
2007,II,Saiga tatarica,Mammalia,Artiodactyla,Bovidae,Saiga,SG,HK,XX,30,30,horns,kg,T,O
2007,II,Saiga tatarica,Mammalia,Artiodactyla,Bovidae,Saiga,SG,JP,XX,,0.57,derivatives,kg,T,O
2007,II,Saiga tatarica,Mammalia,Artiodactyla,Bovidae,Saiga,US,CN,XX,250,,derivatives,g,P,I
2007,II,Saiga tatarica,Mammalia,Artiodactyla,Bovidae,Saiga,US,CN,XX,415,,derivatives,g,T,U
2007,II,Saiga tatarica,Mammalia,Artiodactyla,Bovidae,Saiga,US,CN,XX,695,,derivatives,,P,I
2007,II,Saiga tatarica,Mammalia,Artiodactyla,Bovidae,Saiga,US,CN,XX,1305,,derivatives,,T,I
2007,II,Saiga tatarica,Mammalia,Artiodactyla,Bovidae,Saiga,US,CN,,45,,derivatives,,P,I
2007,II,Saiga tatarica,Mammalia,Artiodactyla,Bovidae,Saiga,US,CN,,1,,skin pieces,,T,I
2007,II,Saiga tatarica,Mammalia,Artiodactyla,Bovidae,Saiga,US,HK,XX,12,,horns,,T,I
2007,II,Saiga tatarica,Mammalia,Artiodactyla,Bovidae,Saiga,US,KE,CN,8,,derivatives,,P,I
2007,II,Saiga tatarica,Mammalia,Artiodactyla,Bovidae,Saiga,US,KR,XX,40,,derivatives,,P,W
2007,II,Saiga tatarica,Mammalia,Artiodactyla,Bovidae,Saiga,US,VN,XX,50,,derivatives,,P,W
2007,II,Saiga tatarica,Mammalia,Artiodactyla,Bovidae,Saiga,US,XX,,141,,derivatives,,P,I
2008,II,Saiga tatarica,Mammalia,Artiodactyla,Bovidae,Saiga,DK,US,,,10,hair,g,S,C
2008,II,Saiga tatarica,Mammalia,Artiodactyla,Bovidae,Saiga,GB,CN,XX,360,,derivatives,,,I
2008,II,Saiga tatarica,Mammalia,Artiodactyla,Bovidae,Saiga,HK,JP,XX,,12.75769,derivatives,kg,T,O
2008,II,Saiga tatarica,Mammalia,Artiodactyla,Bovidae,Saiga,HK,SG,RU,200,200,horns,kg,T,O
2008,II,Saiga tatarica,Mammalia,Artiodactyla,Bovidae,Saiga,HK,SG,XX,5197.745,5202,horns,kg,T,O
2008,II,Saiga tatarica,Mammalia,Artiodactyla,Bovidae,Saiga,HR,NL,XX,1,1,horns,,E,I
2008,II,Saiga tatarica,Mammalia,Artiodactyla,Bovidae,Saiga,JP,CN,,,282,derivatives,g,T,W
2008,II,Saiga tatarica,Mammalia,Artiodactyla,Bovidae,Saiga,JP,CN,,,357.428,derivatives,kg,T,W
2008,II,Saiga tatarica,Mammalia,Artiodactyla,Bovidae,Saiga,JP,CN,,118.22154,,horns,kg,T,W
2008,II,Saiga tatarica,Mammalia,Artiodactyla,Bovidae,Saiga,JP,HK,XX,200,50,horns,kg,T,O
2008,II,Saiga tatarica,Mammalia,Artiodactyla,Bovidae,Saiga,NZ,AU,,100,,derivatives,,P,I
2008,II,Saiga tatarica,Mammalia,Artiodactyla,Bovidae,Saiga,NZ,CN,XX,0.082,,derivatives,kg,P,I
2008,II,Saiga tatarica,Mammalia,Artiodactyla,Bovidae,Saiga,NZ,CN,XX,2432,,derivatives,,P,I
2008,II,Saiga tatarica,Mammalia,Artiodactyla,Bovidae,Saiga,NZ,CN,XX,36,,derivatives,,T,I
2008,II,Saiga tatarica,Mammalia,Artiodactyla,Bovidae,Saiga,NZ,HK,XX,3.7,,derivatives,g,P,I
2008,II,Saiga tatarica,Mammalia,Artiodactyla,Bovidae,Saiga,NZ,HK,XX,0.096,,derivatives,kg,P,I
2008,II,Saiga tatarica,Mammalia,Artiodactyla,Bovidae,Saiga,NZ,HK,XX,16.2,,derivatives,kg,T,W
2008,II,Saiga tatarica,Mammalia,Artiodactyla,Bovidae,Saiga,NZ,HK,XX,198,,derivatives,,P,I
2008,II,Saiga tatarica,Mammalia,Artiodactyla,Bovidae,Saiga,NZ,KR,XX,600,,derivatives,ml,P,I
2008,II,Saiga tatarica,Mammalia,Artiodactyla,Bovidae,Saiga,NZ,KR,XX,193,,derivatives,,P,I
2008,II,Saiga tatarica,Mammalia,Artiodactyla,Bovidae,Saiga,NZ,MY,XX,120,,derivatives,,P,I
2008,II,Saiga tatarica,Mammalia,Artiodactyla,Bovidae,Saiga,NZ,MY,XX,0.02,,horns,kg,P,I
2008,II,Saiga tatarica,Mammalia,Artiodactyla,Bovidae,Saiga,NZ,SG,XX,123,,derivatives,,P,I
2008,II,Saiga tatarica,Mammalia,Artiodactyla,Bovidae,Saiga,NZ,XX,,11,,derivatives,,P,I
2008,II,Saiga tatarica,Mammalia,Artiodactyla,Bovidae,Saiga,SG,JP,XX,,0.17003,derivatives,kg,T,O
2008,II,Saiga tatarica,Mammalia,Artiodactyla,Bovidae,Saiga,TH,JP,XX,,0.11968,derivatives,kg,T,O
2008,II,Saiga tatarica,Mammalia,Artiodactyla,Bovidae,Saiga,TW,JP,XX,,0.04031,derivatives,kg,T,O
2008,II,Saiga tatarica,Mammalia,Artiodactyla,Bovidae,Saiga,US,CN,XX,192,,derivatives,,P,I
2008,II,Saiga tatarica,Mammalia,Artiodactyla,Bovidae,Saiga,US,CN,XX,1016,,derivatives,,T,I
2008,II,Saiga tatarica,Mammalia,Artiodactyla,Bovidae,Saiga,US,CN,XX,2,,horns,,P,I
2008,II,Saiga tatarica,Mammalia,Artiodactyla,Bovidae,Saiga,US,CN,,9,,derivatives,,P,I
2008,II,Saiga tatarica,Mammalia,Artiodactyla,Bovidae,Saiga,US,CN,,95,,derivatives,,T,I
2008,II,Saiga tatarica,Mammalia,Artiodactyla,Bovidae,Saiga,US,HK,XX,60,,derivatives,,T,I
2008,II,Saiga tatarica,Mammalia,Artiodactyla,Bovidae,Saiga,US,KR,XX,20,,derivatives,,P,I
2008,II,Saiga tatarica,Mammalia,Artiodactyla,Bovidae,Saiga,US,VN,XX,1400,,derivatives,,P,I
2008,II,Saiga tatarica,Mammalia,Artiodactyla,Bovidae,Saiga,US,XX,,181,,derivatives,,P,I
2008,II,Saiga tatarica,Mammalia,Artiodactyla,Bovidae,Saiga,US,XX,,3,,derivatives,,T,I
2009,II,Saiga tatarica,Mammalia,Artiodactyla,Bovidae,Saiga,CN,JP,,,2.65,horns,kg,T,O
2009,II,Saiga tatarica,Mammalia,Artiodactyla,Bovidae,Saiga,CN,JP,,2.65,,powder,kg,T,O
2009,II,Saiga tatarica,Mammalia,Artiodactyla,Bovidae,Saiga,HK,JP,XX,12.975,,medicine,kg,,
2009,II,Saiga tatarica,Mammalia,Artiodactyla,Bovidae,Saiga,HK,JP,,,13.139,derivatives,kg,T,O
2009,II,Saiga tatarica,Mammalia,Artiodactyla,Bovidae,Saiga,HK,SG,XX,2790.5,2910.5,horns,kg,T,O
2009,II,Saiga tatarica,Mammalia,Artiodactyla,Bovidae,Saiga,JP,CN,XX,,9000,derivatives,,T,O
2009,II,Saiga tatarica,Mammalia,Artiodactyla,Bovidae,Saiga,JP,CN,,176.73378,285.2602,horns,kg,T,W
2009,II,Saiga tatarica,Mammalia,Artiodactyla,Bovidae,Saiga,JP,HK,XX,,500,horns,kg,T,O
2009,II,Saiga tatarica,Mammalia,Artiodactyla,Bovidae,Saiga,JP,HK,,350,,horns,kg,T,O
2009,II,Saiga tatarica,Mammalia,Artiodactyla,Bovidae,Saiga,JP,SG,XX,,0.68,horns,kg,T,O
2009,II,Saiga tatarica,Mammalia,Artiodactyla,Bovidae,Saiga,JP,SG,,0.68,,horns,kg,T,O
2009,II,Saiga tatarica,Mammalia,Artiodactyla,Bovidae,Saiga,MY,HK,XX,,10,horns,kg,T,O
2009,II,Saiga tatarica,Mammalia,Artiodactyla,Bovidae,Saiga,MY,HK,XX,10,,trophies,kg,T,O
2009,II,Saiga tatarica,Mammalia,Artiodactyla,Bovidae,Saiga,MY,SG,XX,,298,horns,kg,T,O
2009,II,Saiga tatarica,Mammalia,Artiodactyla,Bovidae,Saiga,MY,SG,,45,,horns,kg,T,O
2009,II,Saiga tatarica,Mammalia,Artiodactyla,Bovidae,Saiga,MY,SG,,132,,trophies,kg,T,O
2009,II,Saiga tatarica,Mammalia,Artiodactyla,Bovidae,Saiga,NZ,CN,,103.84,,derivatives,g,P,I
2009,II,Saiga tatarica,Mammalia,Artiodactyla,Bovidae,Saiga,NZ,CN,,1.527,,derivatives,kg,P,I
2009,II,Saiga tatarica,Mammalia,Artiodactyla,Bovidae,Saiga,NZ,CN,,0.25,,derivatives,l,P,I
2009,II,Saiga tatarica,Mammalia,Artiodactyla,Bovidae,Saiga,NZ,CN,,3905,,derivatives,,P,I
2009,II,Saiga tatarica,Mammalia,Artiodactyla,Bovidae,Saiga,NZ,CN,,2700,,derivatives,,T,I
2009,II,Saiga tatarica,Mammalia,Artiodactyla,Bovidae,Saiga,NZ,HK,,0.12,,derivatives,g,P,I
2009,II,Saiga tatarica,Mammalia,Artiodactyla,Bovidae,Saiga,NZ,HK,,44,,derivatives,,P,I
2009,II,Saiga tatarica,Mammalia,Artiodactyla,Bovidae,Saiga,NZ,ID,,16,,derivatives,,P,I
2009,II,Saiga tatarica,Mammalia,Artiodactyla,Bovidae,Saiga,NZ,KR,,0.14,,derivatives,g,P,I
2009,II,Saiga tatarica,Mammalia,Artiodactyla,Bovidae,Saiga,NZ,KR,,0.11,,derivatives,kg,P,I
2009,II,Saiga tatarica,Mammalia,Artiodactyla,Bovidae,Saiga,NZ,KR,,21,,derivatives,,P,I
2009,II,Saiga tatarica,Mammalia,Artiodactyla,Bovidae,Saiga,NZ,XX,,30,,derivatives,,P,I
2009,II,Saiga tatarica,Mammalia,Artiodactyla,Bovidae,Saiga,SG,JP,,,0.18,derivatives,g,T,O
2009,II,Saiga tatarica,Mammalia,Artiodactyla,Bovidae,Saiga,TW,JP,,,0.498,derivatives,kg,T,O
2009,II,Saiga tatarica,Mammalia,Artiodactyla,Bovidae,Saiga,US,CN,XX,2269,,derivatives,,P,I
2009,II,Saiga tatarica,Mammalia,Artiodactyla,Bovidae,Saiga,US,CN,XX,2200,,derivatives,,T,I
2009,II,Saiga tatarica,Mammalia,Artiodactyla,Bovidae,Saiga,US,CN,XX,1,,horns,,T,I
2009,II,Saiga tatarica,Mammalia,Artiodactyla,Bovidae,Saiga,US,CN,,416,,derivatives,,P,I
2009,II,Saiga tatarica,Mammalia,Artiodactyla,Bovidae,Saiga,US,CN,,456,,derivatives,,T,I
2009,II,Saiga tatarica,Mammalia,Artiodactyla,Bovidae,Saiga,US,HK,CN,10,,derivatives,,P,I
2009,II,Saiga tatarica,Mammalia,Artiodactyla,Bovidae,Saiga,US,HK,CN,1,,horns,,P,I
2009,II,Saiga tatarica,Mammalia,Artiodactyla,Bovidae,Saiga,US,HK,XX,6,,derivatives,,M,I
2009,II,Saiga tatarica,Mammalia,Artiodactyla,Bovidae,Saiga,US,HK,XX,4,,derivatives,,P,I
2009,II,Saiga tatarica,Mammalia,Artiodactyla,Bovidae,Saiga,US,KR,XX,41,,derivatives,,P,I
2009,II,Saiga tatarica,Mammalia,Artiodactyla,Bovidae,Saiga,US,MN,,16,9,specimens,,S,W
2009,II,Saiga tatarica,Mammalia,Artiodactyla,Bovidae,Saiga,US,XX,,24,,derivatives,,P,I
2010,II,Saiga borealis,Mammalia,Artiodactyla,Bovidae,Saiga,NZ,CN,,110,,derivatives,g,P,I
2010,II,Saiga borealis,Mammalia,Artiodactyla,Bovidae,Saiga,NZ,CN,,21,,derivatives,,P,I
2010,II,Saiga tatarica,Mammalia,Artiodactyla,Bovidae,Saiga,CN,KR,XX,,4216.455,derivatives,g,T,W
2010,II,Saiga tatarica,Mammalia,Artiodactyla,Bovidae,Saiga,ES,RU,,,1,trophies,,E,C
2010,II,Saiga tatarica,Mammalia,Artiodactyla,Bovidae,Saiga,HK,JP,,,12.216,derivatives,kg,T,O
2010,II,Saiga tatarica,Mammalia,Artiodactyla,Bovidae,Saiga,HK,JP,,12.22,,derivatives,kg,,
2010,II,Saiga tatarica,Mammalia,Artiodactyla,Bovidae,Saiga,HK,SG,RU,1520,1520,horns,kg,T,O
2010,II,Saiga tatarica,Mammalia,Artiodactyla,Bovidae,Saiga,HK,SG,XX,1587.29,1756.99,horns,kg,T,O
2010,II,Saiga tatarica,Mammalia,Artiodactyla,Bovidae,Saiga,ID,HK,CN,,14.828,derivatives,kg,,
2010,II,Saiga tatarica,Mammalia,Artiodactyla,Bovidae,Saiga,JP,CN,,,95.71,derivatives,kg,T,W
2010,II,Saiga tatarica,Mammalia,Artiodactyla,Bovidae,Saiga,JP,CN,,9000,,derivatives,,T,O
2010,II,Saiga tatarica,Mammalia,Artiodactyla,Bovidae,Saiga,JP,CN,,,288,horns,g,T,W
2010,II,Saiga tatarica,Mammalia,Artiodactyla,Bovidae,Saiga,JP,CN,,14.31,,horns,kg,T,O
2010,II,Saiga tatarica,Mammalia,Artiodactyla,Bovidae,Saiga,JP,CN,,122.223,274.362,horns,kg,T,W
2010,II,Saiga tatarica,Mammalia,Artiodactyla,Bovidae,Saiga,JP,HK,,120,,horns,kg,T,O
2010,II,Saiga tatarica,Mammalia,Artiodactyla,Bovidae,Saiga,MY,SG,XX,,120,horns,kg,T,O
2010,II,Saiga tatarica,Mammalia,Artiodactyla,Bovidae,Saiga,MY,SG,,80,,live,kg,T,O
2010,II,Saiga tatarica,Mammalia,Artiodactyla,Bovidae,Saiga,NZ,CN,,1055,,derivatives,g,P,I
2010,II,Saiga tatarica,Mammalia,Artiodactyla,Bovidae,Saiga,NZ,CN,,60,,derivatives,ml,P,I
2010,II,Saiga tatarica,Mammalia,Artiodactyla,Bovidae,Saiga,NZ,CN,,9030,,derivatives,,P,I
2010,II,Saiga tatarica,Mammalia,Artiodactyla,Bovidae,Saiga,NZ,CN,,1500,,derivatives,,T,I
2010,II,Saiga tatarica,Mammalia,Artiodactyla,Bovidae,Saiga,NZ,HK,,140,,derivatives,,P,I
2010,II,Saiga tatarica,Mammalia,Artiodactyla,Bovidae,Saiga,NZ,HK,,300,,horn pieces,g,P,I
2010,II,Saiga tatarica,Mammalia,Artiodactyla,Bovidae,Saiga,NZ,ID,,0.05,,derivatives,g,P,I
2010,II,Saiga tatarica,Mammalia,Artiodactyla,Bovidae,Saiga,NZ,KR,,316.51,,derivatives,g,P,I
2010,II,Saiga tatarica,Mammalia,Artiodactyla,Bovidae,Saiga,NZ,KR,,19,,derivatives,,P,I
2010,II,Saiga tatarica,Mammalia,Artiodactyla,Bovidae,Saiga,NZ,MY,,45,,derivatives,g,P,I
2010,II,Saiga tatarica,Mammalia,Artiodactyla,Bovidae,Saiga,NZ,SG,,12,,derivatives,,P,I
2010,II,Saiga tatarica,Mammalia,Artiodactyla,Bovidae,Saiga,NZ,SG,,1,,horns,,P,I
2010,II,Saiga tatarica,Mammalia,Artiodactyla,Bovidae,Saiga,NZ,US,,0.24,,derivatives,g,P,I
2010,II,Saiga tatarica,Mammalia,Artiodactyla,Bovidae,Saiga,NZ,VN,,25,,derivatives,g,P,I
2010,II,Saiga tatarica,Mammalia,Artiodactyla,Bovidae,Saiga,SG,CN,,34.461,73.357,horns,kg,T,W
2010,II,Saiga tatarica,Mammalia,Artiodactyla,Bovidae,Saiga,SG,JP,,,0.571,derivatives,kg,T,O
2010,II,Saiga tatarica,Mammalia,Artiodactyla,Bovidae,Saiga,TH,JP,,,0.12,derivatives,kg,T,O
2010,II,Saiga tatarica,Mammalia,Artiodactyla,Bovidae,Saiga,US,CA,XX,1,,horns,,P,I
2010,II,Saiga tatarica,Mammalia,Artiodactyla,Bovidae,Saiga,US,CN,XX,840,,derivatives,g,T,I
2010,II,Saiga tatarica,Mammalia,Artiodactyla,Bovidae,Saiga,US,CN,XX,270,,derivatives,,P,I
2010,II,Saiga tatarica,Mammalia,Artiodactyla,Bovidae,Saiga,US,CN,XX,740.97,,derivatives,,T,I
2010,II,Saiga tatarica,Mammalia,Artiodactyla,Bovidae,Saiga,US,CN,,295,,derivatives,,P,I
2010,II,Saiga tatarica,Mammalia,Artiodactyla,Bovidae,Saiga,US,HK,XX,2,,derivatives,,P,I
2010,II,Saiga tatarica,Mammalia,Artiodactyla,Bovidae,Saiga,US,KR,XX,25,,derivatives,,P,I
2010,II,Saiga tatarica,Mammalia,Artiodactyla,Bovidae,Saiga,US,KR,XX,30,,derivatives,,T,I
2010,II,Saiga tatarica,Mammalia,Artiodactyla,Bovidae,Saiga,US,SG,XX,40,,derivatives,,P,I
2010,II,Saiga tatarica,Mammalia,Artiodactyla,Bovidae,Saiga,US,VN,XX,700,,derivatives,,P,I
2010,II,Saiga tatarica,Mammalia,Artiodactyla,Bovidae,Saiga,US,XX,,32,,derivatives,,P,I
2011,II,Saiga tatarica,Mammalia,Artiodactyla,Bovidae,Saiga,AT,RU,,,1,bodies,,Q,F
2011,II,Saiga tatarica,Mammalia,Artiodactyla,Bovidae,Saiga,CA,CN,,,3509,horns,g,T,W
2011,II,Saiga tatarica,Mammalia,Artiodactyla,Bovidae,Saiga,CN,KR,CN,4216.455,,horns,g,T,W
2011,II,Saiga tatarica,Mammalia,Artiodactyla,Bovidae,Saiga,HK,JP,,,1616,derivatives,g,T,O
2011,II,Saiga tatarica,Mammalia,Artiodactyla,Bovidae,Saiga,HK,JP,,,14.87918,derivatives,kg,T,O
2011,II,Saiga tatarica,Mammalia,Artiodactyla,Bovidae,Saiga,HK,JP,,13.78,,medicine,kg,,
2011,II,Saiga tatarica,Mammalia,Artiodactyla,Bovidae,Saiga,HK,SG,XX,2355,2250,horns,kg,T,O
2011,II,Saiga tatarica,Mammalia,Artiodactyla,Bovidae,Saiga,ID,HK,CN,,21.8286,medicine,kg,,
2011,II,Saiga tatarica,Mammalia,Artiodactyla,Bovidae,Saiga,JP,CN,,19223.7,,derivatives,g,T,W
2011,II,Saiga tatarica,Mammalia,Artiodactyla,Bovidae,Saiga,JP,CN,,119.802,,derivatives,kg,T,W
2011,II,Saiga tatarica,Mammalia,Artiodactyla,Bovidae,Saiga,JP,CN,,,206168.7,horns,g,T,W
2011,II,Saiga tatarica,Mammalia,Artiodactyla,Bovidae,Saiga,JP,CN,,,102.04,horns,kg,T,W
2011,II,Saiga tatarica,Mammalia,Artiodactyla,Bovidae,Saiga,JP,HK,XX,,432,horns,,T,O
2011,II,Saiga tatarica,Mammalia,Artiodactyla,Bovidae,Saiga,JP,HK,,432,,horns,kg,T,O
2011,II,Saiga tatarica,Mammalia,Artiodactyla,Bovidae,Saiga,KR,CN,CN,,4216.455,horns,g,T,W
2011,II,Saiga tatarica,Mammalia,Artiodactyla,Bovidae,Saiga,KR,CN,,4.216455,,horns,kg,T,W
2011,II,Saiga tatarica,Mammalia,Artiodactyla,Bovidae,Saiga,MY,SG,XX,,20,horns,kg,T,O
2011,II,Saiga tatarica,Mammalia,Artiodactyla,Bovidae,Saiga,SG,CN,,14760,,horns,g,M,W
2011,II,Saiga tatarica,Mammalia,Artiodactyla,Bovidae,Saiga,SG,CN,,9520,,horns,g,T,W
2011,II,Saiga tatarica,Mammalia,Artiodactyla,Bovidae,Saiga,SG,CN,,4.43,,horns,kg,M,W
2011,II,Saiga tatarica,Mammalia,Artiodactyla,Bovidae,Saiga,SG,CN,,,150.057,horns,kg,T,W
2011,II,Saiga tatarica,Mammalia,Artiodactyla,Bovidae,Saiga,SG,JP,,,614.93,derivatives,g,T,O
2011,II,Saiga tatarica,Mammalia,Artiodactyla,Bovidae,Saiga,US,CN,XX,615,,derivatives,,P,I
2011,II,Saiga tatarica,Mammalia,Artiodactyla,Bovidae,Saiga,US,CN,XX,257,,derivatives,,T,I
2011,II,Saiga tatarica,Mammalia,Artiodactyla,Bovidae,Saiga,US,CN,XX,3,,horns,,P,I
2011,II,Saiga tatarica,Mammalia,Artiodactyla,Bovidae,Saiga,US,CN,,180,,derivatives,,P,I
2011,II,Saiga tatarica,Mammalia,Artiodactyla,Bovidae,Saiga,US,DE,CN,3,,derivatives,,P,I
2011,II,Saiga tatarica,Mammalia,Artiodactyla,Bovidae,Saiga,US,GB,XX,1,,specimens,,P,W
2011,II,Saiga tatarica,Mammalia,Artiodactyla,Bovidae,Saiga,US,GB,XX,,1,trophies,,T,U
2011,II,Saiga tatarica,Mammalia,Artiodactyla,Bovidae,Saiga,US,HK,XX,5,,derivatives,kg,T,I
2011,II,Saiga tatarica,Mammalia,Artiodactyla,Bovidae,Saiga,US,HK,XX,10,,derivatives,,P,I
2011,II,Saiga tatarica,Mammalia,Artiodactyla,Bovidae,Saiga,US,HK,XX,543,,derivatives,,T,I
2011,II,Saiga tatarica,Mammalia,Artiodactyla,Bovidae,Saiga,US,JP,XX,1,,derivatives,,P,I
2011,II,Saiga tatarica,Mammalia,Artiodactyla,Bovidae,Saiga,US,KR,CN,4,,derivatives,,P,I
2011,II,Saiga tatarica,Mammalia,Artiodactyla,Bovidae,Saiga,US,KR,XX,20,,derivatives,,T,I
2011,II,Saiga tatarica,Mammalia,Artiodactyla,Bovidae,Saiga,US,XX,,14,,derivatives,,P,I
2012,II,Saiga tatarica,Mammalia,Artiodactyla,Bovidae,Saiga,AT,RU,,1,,trophies,,Q,F
2012,II,Saiga tatarica,Mammalia,Artiodactyla,Bovidae,Saiga,CA,CN,,,408,horns,g,T,W
2012,II,Saiga tatarica,Mammalia,Artiodactyla,Bovidae,Saiga,HK,JP,,,11317.75,derivatives,g,T,O
2012,II,Saiga tatarica,Mammalia,Artiodactyla,Bovidae,Saiga,HK,JP,,13.55,,medicine,kg,,
2012,II,Saiga tatarica,Mammalia,Artiodactyla,Bovidae,Saiga,HK,SG,XX,,70,horns,kg,T,O
2012,II,Saiga tatarica,Mammalia,Artiodactyla,Bovidae,Saiga,HK,SG,,70,,horns,kg,T,O
2012,II,Saiga tatarica,Mammalia,Artiodactyla,Bovidae,Saiga,ID,HK,CN,,10964.8,medicine,g,,
2012,II,Saiga tatarica,Mammalia,Artiodactyla,Bovidae,Saiga,JP,CN,,23733,71168,horns,g,T,W
2012,II,Saiga tatarica,Mammalia,Artiodactyla,Bovidae,Saiga,JP,CN,,127.088,248.989,horns,kg,T,W
2012,II,Saiga tatarica,Mammalia,Artiodactyla,Bovidae,Saiga,JP,HK,,70,,horns,kg,T,O
2012,II,Saiga tatarica,Mammalia,Artiodactyla,Bovidae,Saiga,JP,SG,XX,,4,horns,kg,T,O
2012,II,Saiga tatarica,Mammalia,Artiodactyla,Bovidae,Saiga,JP,SG,,4,,horns,kg,T,O
2012,II,Saiga tatarica,Mammalia,Artiodactyla,Bovidae,Saiga,KR,US,CN,,7,derivatives,,P,I
2012,II,Saiga tatarica,Mammalia,Artiodactyla,Bovidae,Saiga,KR,US,XX,,2,derivatives,,P,I
2012,II,Saiga tatarica,Mammalia,Artiodactyla,Bovidae,Saiga,SG,CN,,2435.3,,horns,g,T,W
2012,II,Saiga tatarica,Mammalia,Artiodactyla,Bovidae,Saiga,SG,CN,,19.11,142.138,horns,kg,T,W
2012,II,Saiga tatarica,Mammalia,Artiodactyla,Bovidae,Saiga,SG,JP,,,271.57,derivatives,g,T,O
2012,II,Saiga tatarica,Mammalia,Artiodactyla,Bovidae,Saiga,TH,JP,,,120.45,derivatives,g,T,O
2012,II,Saiga tatarica,Mammalia,Artiodactyla,Bovidae,Saiga,US,CN,XX,1,,horns,,P,I
2012,II,Saiga tatarica,Mammalia,Artiodactyla,Bovidae,Saiga,US,CN,XX,488,,medicine,,P,I
2012,II,Saiga tatarica,Mammalia,Artiodactyla,Bovidae,Saiga,US,CN,XX,399,,medicine,,T,I
2012,II,Saiga tatarica,Mammalia,Artiodactyla,Bovidae,Saiga,US,CN,,3,,horns,,P,I
2012,II,Saiga tatarica,Mammalia,Artiodactyla,Bovidae,Saiga,US,CN,,1,,medicine,kg,P,I
2012,II,Saiga tatarica,Mammalia,Artiodactyla,Bovidae,Saiga,US,CN,,142,,medicine,,P,I
2012,II,Saiga tatarica,Mammalia,Artiodactyla,Bovidae,Saiga,US,DE,CN,1,,medicine,,P,I
2012,II,Saiga tatarica,Mammalia,Artiodactyla,Bovidae,Saiga,US,HK,XX,1,,horns,,P,I
2013,II,Saiga tatarica,Mammalia,Artiodactyla,Bovidae,Saiga,HK,JP,XX,100,,horns,kg,T,O
2013,II,Saiga tatarica,Mammalia,Artiodactyla,Bovidae,Saiga,HK,JP,,,100,horns,kg,T,O
2013,II,Saiga tatarica,Mammalia,Artiodactyla,Bovidae,Saiga,HK,JP,,,20936.46,medicine,g,T,O
2013,II,Saiga tatarica,Mammalia,Artiodactyla,Bovidae,Saiga,HK,JP,,23.987,,medicine,kg,,
2013,II,Saiga tatarica,Mammalia,Artiodactyla,Bovidae,Saiga,ID,HK,CN,,75000,medicine,,,
2013,II,Saiga tatarica,Mammalia,Artiodactyla,Bovidae,Saiga,JP,CN,,11520,111520,medicine,g,T,W
2013,II,Saiga tatarica,Mammalia,Artiodactyla,Bovidae,Saiga,JP,CN,,152.984,1.24,medicine,kg,T,W
2013,II,Saiga tatarica,Mammalia,Artiodactyla,Bovidae,Saiga,JP,HK,,140,,horns,kg,T,O
2013,II,Saiga tatarica,Mammalia,Artiodactyla,Bovidae,Saiga,JP,SG,XX,,300,horns,kg,T,O
2013,II,Saiga tatarica,Mammalia,Artiodactyla,Bovidae,Saiga,JP,SG,,150,,horns,kg,T,O
2013,II,Saiga tatarica,Mammalia,Artiodactyla,Bovidae,Saiga,SG,CN,,18450,,horns,g,T,W
2013,II,Saiga tatarica,Mammalia,Artiodactyla,Bovidae,Saiga,SG,CN,,,1329,medicine,g,T,W
2013,II,Saiga tatarica,Mammalia,Artiodactyla,Bovidae,Saiga,SG,JP,,,471.62,medicine,g,T,O
2013,II,Saiga tatarica,Mammalia,Artiodactyla,Bovidae,Saiga,TH,CN,,,2085,medicine,g,T,W
2013,II,Saiga tatarica,Mammalia,Artiodactyla,Bovidae,Saiga,US,CN,XX,600,,medicine,g,P,I
2013,II,Saiga tatarica,Mammalia,Artiodactyla,Bovidae,Saiga,US,CN,XX,387,,medicine,,P,I
2013,II,Saiga tatarica,Mammalia,Artiodactyla,Bovidae,Saiga,US,CN,XX,100,,medicine,,T,I
2013,II,Saiga tatarica,Mammalia,Artiodactyla,Bovidae,Saiga,US,CN,,3,,medicine,,P,I
2013,II,Saiga tatarica,Mammalia,Artiodactyla,Bovidae,Saiga,US,CN,,10,,medicine,,T,I
2013,II,Saiga tatarica,Mammalia,Artiodactyla,Bovidae,Saiga,US,HK,XX,25.3,,medicine,kg,T,I
2013,II,Saiga tatarica,Mammalia,Artiodactyla,Bovidae,Saiga,US,KR,XX,10,,medicine,,P,I
2013,II,Saiga tatarica,Mammalia,Artiodactyla,Bovidae,Saiga,US,SG,XX,40,,medicine,,P,I
2013,II,Saiga tatarica,Mammalia,Artiodactyla,Bovidae,Saiga,US,VN,XX,10,,medicine,,P,I
2014,II,Saiga borealis,Mammalia,Artiodactyla,Bovidae,Saiga,US,MN,,,39,hair,,S,W
2014,II,Saiga borealis,Mammalia,Artiodactyla,Bovidae,Saiga,US,MN,,,73,skin pieces,,S,
2014,II,Saiga tatarica,Mammalia,Artiodactyla,Bovidae,Saiga,CA,CN,,,1.305,medicine,kg,T,W
2014,II,Saiga tatarica,Mammalia,Artiodactyla,Bovidae,Saiga,HK,JP,,,26448.68,medicine,g,T,O
2014,II,Saiga tatarica,Mammalia,Artiodactyla,Bovidae,Saiga,HK,JP,,22.094,,medicine,kg,,
2014,II,Saiga tatarica,Mammalia,Artiodactyla,Bovidae,Saiga,HK,SG,XX,,670,horns,kg,T,O
2014,II,Saiga tatarica,Mammalia,Artiodactyla,Bovidae,Saiga,ID,HK,CN,,15600,medicine,,,
2014,II,Saiga tatarica,Mammalia,Artiodactyla,Bovidae,Saiga,JP,CN,,59412.2,115172.2,medicine,g,T,W
2014,II,Saiga tatarica,Mammalia,Artiodactyla,Bovidae,Saiga,JP,CN,,90.04,,medicine,kg,T,W
2014,II,Saiga tatarica,Mammalia,Artiodactyla,Bovidae,Saiga,JP,SG,XX,,170,horns,kg,T,O
2014,II,Saiga tatarica,Mammalia,Artiodactyla,Bovidae,Saiga,JP,SG,,170,,horns,kg,T,O
2014,II,Saiga tatarica,Mammalia,Artiodactyla,Bovidae,Saiga,MY,SG,XX,,3,horns,kg,T,O
2014,II,Saiga tatarica,Mammalia,Artiodactyla,Bovidae,Saiga,SG,CN,,15179,,horns,g,T,W
2014,II,Saiga tatarica,Mammalia,Artiodactyla,Bovidae,Saiga,SG,CN,,,1303,medicine,g,T,W
2014,II,Saiga tatarica,Mammalia,Artiodactyla,Bovidae,Saiga,SG,JP,,,821.63,medicine,g,T,O
2014,II,Saiga tatarica,Mammalia,Artiodactyla,Bovidae,Saiga,TH,CN,,,2607,medicine,g,T,W
2014,II,Saiga tatarica,Mammalia,Artiodactyla,Bovidae,Saiga,TH,JP,,,120.5,medicine,g,T,O
2014,II,Saiga tatarica,Mammalia,Artiodactyla,Bovidae,Saiga,US,CN,XX,112,,medicine,g,P,I
2014,II,Saiga tatarica,Mammalia,Artiodactyla,Bovidae,Saiga,US,CN,XX,385,,medicine,,P,I
2014,II,Saiga tatarica,Mammalia,Artiodactyla,Bovidae,Saiga,US,CN,XX,12,,medicine,,T,I
2014,II,Saiga tatarica,Mammalia,Artiodactyla,Bovidae,Saiga,US,CN,,386,,medicine,g,P,I
2014,II,Saiga tatarica,Mammalia,Artiodactyla,Bovidae,Saiga,US,CN,,260,,medicine,g,T,I
2014,II,Saiga tatarica,Mammalia,Artiodactyla,Bovidae,Saiga,US,CN,,29,,medicine,,P,I
2014,II,Saiga tatarica,Mammalia,Artiodactyla,Bovidae,Saiga,US,CN,,5,,medicine,,P,W
2014,II,Saiga tatarica,Mammalia,Artiodactyla,Bovidae,Saiga,US,CN,,10,,medicine,,T,I
2014,II,Saiga tatarica,Mammalia,Artiodactyla,Bovidae,Saiga,US,HK,XX,9,,medicine,,P,I
2014,II,Saiga tatarica,Mammalia,Artiodactyla,Bovidae,Saiga,US,HK,XX,50,,medicine,,T,I
2014,II,Saiga tatarica,Mammalia,Artiodactyla,Bovidae,Saiga,US,PH,CN,2,,medicine,,P,I
2014,II,Saiga tatarica,Mammalia,Artiodactyla,Bovidae,Saiga,US,RU,,,1,trophies,,E,C
2014,II,Saiga tatarica,Mammalia,Artiodactyla,Bovidae,Saiga,US,RU,,1,,trophies,,E,W
2014,II,Saiga tatarica,Mammalia,Artiodactyla,Bovidae,Saiga,US,SG,CN,,22.14,horns,g,T,W
2014,II,Saiga tatarica,Mammalia,Artiodactyla,Bovidae,Saiga,US,SG,XX,370,,medicine,,P,I
2014,II,Saiga tatarica,Mammalia,Artiodactyla,Bovidae,Saiga,US,VN,CN,3,,medicine,,P,I
2015,II,Saiga tatarica,Mammalia,Artiodactyla,Bovidae,Saiga,DE,KZ,,336,636,specimens,,S,W
2015,II,Saiga tatarica,Mammalia,Artiodactyla,Bovidae,Saiga,GB,KZ,,,90,specimens,,S,W
2015,II,Saiga tatarica,Mammalia,Artiodactyla,Bovidae,Saiga,HK,JP,,,22930.43,medicine,g,T,O
2015,II,Saiga tatarica,Mammalia,Artiodactyla,Bovidae,Saiga,HK,JP,,27.28506,,medicine,kg,,
2015,II,Saiga tatarica,Mammalia,Artiodactyla,Bovidae,Saiga,HK,SG,KZ,249.34,339.34,horns,kg,T,W
2015,II,Saiga tatarica,Mammalia,Artiodactyla,Bovidae,Saiga,HK,SG,XX,,35.18,horns,kg,T,O
2015,II,Saiga tatarica,Mammalia,Artiodactyla,Bovidae,Saiga,ID,HK,CN,,5000,medicine,,,
2015,II,Saiga tatarica,Mammalia,Artiodactyla,Bovidae,Saiga,JP,CN,,,111520,horns,g,T,W
2015,II,Saiga tatarica,Mammalia,Artiodactyla,Bovidae,Saiga,JP,CN,,55760,,medicine,g,T,W
2015,II,Saiga tatarica,Mammalia,Artiodactyla,Bovidae,Saiga,JP,CN,,93.465,74.52,medicine,kg,T,W
2015,II,Saiga tatarica,Mammalia,Artiodactyla,Bovidae,Saiga,JP,HK,XX,,181,horns,kg,T,O
2015,II,Saiga tatarica,Mammalia,Artiodactyla,Bovidae,Saiga,JP,HK,,181,,horns,kg,T,O
2015,II,Saiga tatarica,Mammalia,Artiodactyla,Bovidae,Saiga,JP,KZ,,,15,specimens,,S,W
2015,II,Saiga tatarica,Mammalia,Artiodactyla,Bovidae,Saiga,JP,SG,KZ,50,110,horns,kg,T,W
2015,II,Saiga tatarica,Mammalia,Artiodactyla,Bovidae,Saiga,MY,SG,RU,3,,powder,kg,T,O
2015,II,Saiga tatarica,Mammalia,Artiodactyla,Bovidae,Saiga,MY,SG,XX,,0.3,horns,kg,T,O
2015,II,Saiga tatarica,Mammalia,Artiodactyla,Bovidae,Saiga,MY,SG,,0.3,,horn pieces,kg,T,O
2015,II,Saiga tatarica,Mammalia,Artiodactyla,Bovidae,Saiga,SG,CN,,8722,,horns,g,T,W
2015,II,Saiga tatarica,Mammalia,Artiodactyla,Bovidae,Saiga,SG,CN,,11.629,25.803,horns,kg,T,W
2015,II,Saiga tatarica,Mammalia,Artiodactyla,Bovidae,Saiga,SG,CN,,,2606,medicine,g,T,W
2015,II,Saiga tatarica,Mammalia,Artiodactyla,Bovidae,Saiga,SG,CN,,,107.749,medicine,kg,T,W
2015,II,Saiga tatarica,Mammalia,Artiodactyla,Bovidae,Saiga,SG,HK,KZ,8.33,8.33,horns,kg,T,W
2015,II,Saiga tatarica,Mammalia,Artiodactyla,Bovidae,Saiga,TH,JP,,,120.34,medicine,g,T,O
2015,II,Saiga tatarica,Mammalia,Artiodactyla,Bovidae,Saiga,US,CN,XX,1,,horns,,P,I
2015,II,Saiga tatarica,Mammalia,Artiodactyla,Bovidae,Saiga,US,CN,XX,18,,medicine,g,P,I
2015,II,Saiga tatarica,Mammalia,Artiodactyla,Bovidae,Saiga,US,CN,XX,198,,medicine,,P,I
2015,II,Saiga tatarica,Mammalia,Artiodactyla,Bovidae,Saiga,US,CN,XX,60,,medicine,,T,I
2015,II,Saiga tatarica,Mammalia,Artiodactyla,Bovidae,Saiga,US,CN,,2,,horns,,P,I
2015,II,Saiga tatarica,Mammalia,Artiodactyla,Bovidae,Saiga,US,CN,,0.05,,medicine,kg,T,I
2015,II,Saiga tatarica,Mammalia,Artiodactyla,Bovidae,Saiga,US,CN,,42,,medicine,,P,I
2015,II,Saiga tatarica,Mammalia,Artiodactyla,Bovidae,Saiga,US,HK,XX,6,,medicine,,P,I
2015,II,Saiga tatarica,Mammalia,Artiodactyla,Bovidae,Saiga,US,KR,XX,50,,medicine,,P,I
2015,II,Saiga tatarica,Mammalia,Artiodactyla,Bovidae,Saiga,US,KR,XX,200,,medicine,,T,I
2015,II,Saiga tatarica,Mammalia,Artiodactyla,Bovidae,Saiga,US,VN,XX,30,,medicine,,T,I
2016,II,Saiga tatarica,Mammalia,Artiodactyla,Bovidae,Saiga,AU,CN,,,782,medicine,g,T,W
2016,II,Saiga tatarica,Mammalia,Artiodactyla,Bovidae,Saiga,CA,HK,CN,,5000,medicine,,T,W
2016,II,Saiga tatarica,Mammalia,Artiodactyla,Bovidae,Saiga,GB,KZ,,120,,specimens,kg,S,W
2016,II,Saiga tatarica,Mammalia,Artiodactyla,Bovidae,Saiga,GB,KZ,,,120,specimens,,S,W
2016,II,Saiga tatarica,Mammalia,Artiodactyla,Bovidae,Saiga,HK,JP,XX,,22266.01,medicine,g,T,O
2016,II,Saiga tatarica,Mammalia,Artiodactyla,Bovidae,Saiga,HK,JP,XX,,7087.77,medicine,g,T,W
2016,II,Saiga tatarica,Mammalia,Artiodactyla,Bovidae,Saiga,HK,JP,XX,22.57,,medicine,kg,T,O
2016,II,Saiga tatarica,Mammalia,Artiodactyla,Bovidae,Saiga,HK,SG,KZ,90,,horns,kg,T,W
2016,II,Saiga tatarica,Mammalia,Artiodactyla,Bovidae,Saiga,ID,HK,CN,,20100,medicine,,T,W
2016,II,Saiga tatarica,Mammalia,Artiodactyla,Bovidae,Saiga,JP,CN,,167307.64,111659.16,medicine,g,T,W
2016,II,Saiga tatarica,Mammalia,Artiodactyla,Bovidae,Saiga,JP,CN,,172.205,219.82,medicine,kg,T,W
2016,II,Saiga tatarica,Mammalia,Artiodactyla,Bovidae,Saiga,JP,SG,KZ,422.7,422.7,horns,kg,T,W
2016,II,Saiga tatarica,Mammalia,Artiodactyla,Bovidae,Saiga,SG,CN,,11.653,,horns,kg,T,W
2016,II,Saiga tatarica,Mammalia,Artiodactyla,Bovidae,Saiga,SG,CN,,,158.344,medicine,kg,T,W
2016,II,Saiga tatarica,Mammalia,Artiodactyla,Bovidae,Saiga,TH,CN,,,2610,medicine,g,T,W
2016,II,Saiga tatarica,Mammalia,Artiodactyla,Bovidae,Saiga,US,CN,XX,478,,medicine,g,P,I
2016,II,Saiga tatarica,Mammalia,Artiodactyla,Bovidae,Saiga,US,CN,XX,1576,,medicine,,P,I
2016,II,Saiga tatarica,Mammalia,Artiodactyla,Bovidae,Saiga,US,CN,XX,30,,medicine,,T,I
2016,II,Saiga tatarica,Mammalia,Artiodactyla,Bovidae,Saiga,US,CN,,420,,medicine,,P,I
2016,II,Saiga tatarica,Mammalia,Artiodactyla,Bovidae,Saiga,US,HK,XX,60,,medicine,,P,I
2016,II,Saiga tatarica,Mammalia,Artiodactyla,Bovidae,Saiga,US,XX,,6,,medicine,g,P,I
2017,II,Saiga borealis,Mammalia,Artiodactyla,Bovidae,Saiga,US,VN,,3,,medicine,,P,I
2017,II,Saiga tatarica,Mammalia,Artiodactyla,Bovidae,Saiga,CN,US,XX,,1,medicine,,P,I
2017,II,Saiga tatarica,Mammalia,Artiodactyla,Bovidae,Saiga,CO,US,XX,,936,medicine,,T,I
2017,II,Saiga tatarica,Mammalia,Artiodactyla,Bovidae,Saiga,GB,KZ,,,31,derivatives,,S,W
2017,II,Saiga tatarica,Mammalia,Artiodactyla,Bovidae,Saiga,GB,KZ,,,6,specimens,,S,W
2017,II,Saiga tatarica,Mammalia,Artiodactyla,Bovidae,Saiga,GB,KZ,,,9,teeth,,S,W
2017,II,Saiga tatarica,Mammalia,Artiodactyla,Bovidae,Saiga,GB,MN,,45,,specimens,,S,W
2017,II,Saiga tatarica,Mammalia,Artiodactyla,Bovidae,Saiga,HK,CH,CN,5.214,,medicine,kg,T,W
2017,II,Saiga tatarica,Mammalia,Artiodactyla,Bovidae,Saiga,HK,JP,XX,,30964.07,medicine,g,T,O
2017,II,Saiga tatarica,Mammalia,Artiodactyla,Bovidae,Saiga,HK,JP,XX,30.021,,medicine,kg,T,O
2017,II,Saiga tatarica,Mammalia,Artiodactyla,Bovidae,Saiga,JP,CN,,111520,195160,medicine,g,T,W
2017,II,Saiga tatarica,Mammalia,Artiodactyla,Bovidae,Saiga,JP,CN,,87.294,87.294,medicine,kg,T,W
2017,II,Saiga tatarica,Mammalia,Artiodactyla,Bovidae,Saiga,JP,HK,XX,15,15,horns,kg,T,O
2017,II,Saiga tatarica,Mammalia,Artiodactyla,Bovidae,Saiga,JP,KZ,,32,32,specimens,,S,W
2017,II,Saiga tatarica,Mammalia,Artiodactyla,Bovidae,Saiga,JP,SG,KZ,480,480,horns,kg,T,W
2017,II,Saiga tatarica,Mammalia,Artiodactyla,Bovidae,Saiga,SG,CN,,4.373,,horns,kg,T,W
2017,II,Saiga tatarica,Mammalia,Artiodactyla,Bovidae,Saiga,SG,CN,,,2607,medicine,g,T,W
2017,II,Saiga tatarica,Mammalia,Artiodactyla,Bovidae,Saiga,SG,CN,,,119.308,medicine,kg,T,W
2017,II,Saiga tatarica,Mammalia,Artiodactyla,Bovidae,Saiga,SI,UA,,,3,live,,Z,C
2017,II,Saiga tatarica,Mammalia,Artiodactyla,Bovidae,Saiga,TH,CN,,,2607,medicine,g,T,W
2017,II,Saiga tatarica,Mammalia,Artiodactyla,Bovidae,Saiga,TH,JP,XX,,124.98,medicine,g,T,O
2017,II,Saiga tatarica,Mammalia,Artiodactyla,Bovidae,Saiga,US,CN,XX,140,,medicine,,P,I
2017,II,Saiga tatarica,Mammalia,Artiodactyla,Bovidae,Saiga,US,CN,XX,306,,medicine,,T,I
2017,II,Saiga tatarica,Mammalia,Artiodactyla,Bovidae,Saiga,US,CN,,20,,medicine,,P,I
2017,II,Saiga tatarica,Mammalia,Artiodactyla,Bovidae,Saiga,US,CN,,9,,medicine,,T,I
2017,II,Saiga tatarica,Mammalia,Artiodactyla,Bovidae,Saiga,US,JP,XX,100,,medicine,,T,I
2017,II,Saiga tatarica,Mammalia,Artiodactyla,Bovidae,Saiga,US,KR,,11,,medicine,,P,I
2017,II,Saiga tatarica,Mammalia,Artiodactyla,Bovidae,Saiga,US,SG,XX,360,,medicine,,T,I
2017,II,Saiga tatarica,Mammalia,Artiodactyla,Bovidae,Saiga,US,VN,XX,10,,medicine,,P,I
2017,II,Saiga tatarica,Mammalia,Artiodactyla,Bovidae,Saiga,US,VN,,80,,medicine,,T,I
2018,II,Saiga borealis,Mammalia,Artiodactyla,Bovidae,Saiga,GB,MN,,84,,specimens,,M,W
2018,II,Saiga tatarica,Mammalia,Artiodactyla,Bovidae,Saiga,AU,CN,,,0.5214,medicine,kg,T,W
2018,II,Saiga tatarica,Mammalia,Artiodactyla,Bovidae,Saiga,CN,UA,,,80,live,,Z,C
2018,II,Saiga tatarica,Mammalia,Artiodactyla,Bovidae,Saiga,CN,UA,,10,,skins,,E,C
2018,II,Saiga tatarica,Mammalia,Artiodactyla,Bovidae,Saiga,CN,UA,,,20,skins,,T,C
2018,II,Saiga tatarica,Mammalia,Artiodactyla,Bovidae,Saiga,CN,UA,,30,,skulls,,E,C
2018,II,Saiga tatarica,Mammalia,Artiodactyla,Bovidae,Saiga,CN,UA,,,190,skulls,,T,C
2018,II,Saiga tatarica,Mammalia,Artiodactyla,Bovidae,Saiga,GB,KZ,,59,,specimens,,S,W
2018,II,Saiga tatarica,Mammalia,Artiodactyla,Bovidae,Saiga,GB,MN,,21,,specimens,,M,W
2018,II,Saiga tatarica,Mammalia,Artiodactyla,Bovidae,Saiga,HK,JP,XX,37.285,,medicine,kg,T,O
2018,II,Saiga tatarica,Mammalia,Artiodactyla,Bovidae,Saiga,HK,JP,XX,53000,,medicine,,T,O
2018,II,Saiga tatarica,Mammalia,Artiodactyla,Bovidae,Saiga,HK,JP,,,39678.09,medicine,g,T,O
2018,II,Saiga tatarica,Mammalia,Artiodactyla,Bovidae,Saiga,HK,SG,XX,317,62,horns,kg,T,O
2018,II,Saiga tatarica,Mammalia,Artiodactyla,Bovidae,Saiga,HK,SG,,,255,horns,kg,T,O
2018,II,Saiga tatarica,Mammalia,Artiodactyla,Bovidae,Saiga,ID,HK,CN,,35200,medicine,,T,W
2018,II,Saiga tatarica,Mammalia,Artiodactyla,Bovidae,Saiga,JP,CN,,83640,,medicine,g,T,W
2018,II,Saiga tatarica,Mammalia,Artiodactyla,Bovidae,Saiga,JP,CN,,40.84,90.096,medicine,kg,T,W
2018,II,Saiga tatarica,Mammalia,Artiodactyla,Bovidae,Saiga,JP,SG,KZ,1415.07,1415.07,horns,kg,T,W
2018,II,Saiga tatarica,Mammalia,Artiodactyla,Bovidae,Saiga,SG,CN,,,2.58,medicine,kg,T,W
2018,II,Saiga tatarica,Mammalia,Artiodactyla,Bovidae,Saiga,TH,JP,,,250.54,medicine,g,T,O
2018,II,Saiga tatarica,Mammalia,Artiodactyla,Bovidae,Saiga,US,CN,XX,2,,horns,,P,I
2018,II,Saiga tatarica,Mammalia,Artiodactyla,Bovidae,Saiga,US,CN,XX,0.728,,medicine,kg,P,I
2018,II,Saiga tatarica,Mammalia,Artiodactyla,Bovidae,Saiga,US,CN,XX,64,,medicine,,P,I
2018,II,Saiga tatarica,Mammalia,Artiodactyla,Bovidae,Saiga,US,CN,XX,2,,medicine,,T,I
2018,II,Saiga tatarica,Mammalia,Artiodactyla,Bovidae,Saiga,US,CN,,,129.6,medicine,g,T,W
2018,II,Saiga tatarica,Mammalia,Artiodactyla,Bovidae,Saiga,US,CN,,30,,medicine,,T,I
2018,II,Saiga tatarica,Mammalia,Artiodactyla,Bovidae,Saiga,US,KR,,5,,medicine,,P,I
2018,II,Saiga tatarica,Mammalia,Artiodactyla,Bovidae,Saiga,US,VN,,464,,medicine,,P,I
2018,II,Saiga tatarica,Mammalia,Artiodactyla,Bovidae,Saiga,US,VN,,1940,,medicine,,T,I
2019,II,Saiga tatarica,Mammalia,Artiodactyla,Bovidae,Saiga,HK,JP,,,42381.34,medicine,g,T,O
2019,II,Saiga tatarica,Mammalia,Artiodactyla,Bovidae,Saiga,HK,SG,KZ,,3135,horns,kg,T,W
2019,II,Saiga tatarica,Mammalia,Artiodactyla,Bovidae,Saiga,JP,CN,,27.664,,medicine,kg,T,U
2019,II,Saiga tatarica,Mammalia,Artiodactyla,Bovidae,Saiga,JP,CN,,41.82,,medicine,kg,T,W
2019,II,Saiga tatarica,Mammalia,Artiodactyla,Bovidae,Saiga,US,RU,,,1,trophies,,E,C
